,title,alternativeTitle,creator,regDate,collectionDb,subjectCategory,subjectKeyword,extent,description,spatial,temporal,person,language,sourceTitle,rights,copyrightOthers,uci,contributor
0,덕수궁 중화전 및 중화문(德壽宮 中和殿 및 中和門),,누리집,2021-02-23 01:48:39,문화재정보,,보물,조선시대,"중화전은 덕수궁의 중심 건물로 임금님이 하례(賀禮)를 받거나 국가 행사를 거행하던 곳이고 중화문은 중화전의 정문이다. 광무 6년(1902)에 지었으나 1904년 불에 타 버려 지금 있는 건물은 1906년에 다시 지은 것들이다.
 중화전의 규모는 앞면 5칸·옆면 4칸이며, 지붕은 옆면에서 볼 때 여덟 팔(八)자 모양을 한 팔작지붕이다. 지붕 처마를 받치기 위해 장식하여 짜은 구조가 기둥 위와 기둥 사이에도 있는 다포 양식이다. 밖으로 뻗쳐 나온 공포 부재의 형태가 가늘고 약해 보이며 곡선이 큰데 이것은 조선 후기 수법의 특징을 보이는 것이다. 안쪽에는 임금님이 앉는 자리를 더욱 위엄있게 꾸미기 위해 화려한 닫집을 달아 놓았다.
 중화문의 규모는 앞면 3칸·옆면 2칸이고 지붕은 팔작지붕이며 공포 양식은 중화전과 같이 조선 후기 수법을 가진 다포 양식을 따르고 있다. 원래 좌우로 복도건물(행각)이 있었으나 지금은 문 동쪽에 일부 흔적만 남아 있다.
 19세기 말에서 20세기 초 궁궐 건축을 연구하는데 중요한 자료가 되고 있다.",서울 중구 세종대로 99 (정동),,,kor,,,,G706+CHAB21-B.chaCpInfo.0000000734,
19,금동미륵보살반가사유상(金銅彌勒菩薩半跏思惟像),,누리집,2021-02-23 01:48:39,문화재정보,,국보,삼국시대,"의자 위에 앉아 오른발을 왼쪽다리 위에 올려 놓고, 오른쪽 팔꿈치를 무릎 위에 올린 채 손가락을 뺨에 댄 모습의 보살상으로 높이는 80㎝이다. 1912년에 일본인이 입수하여 조선총독부에 기증했던 것을 1916년 총독부박물관으로 옮겨 놓았고, 현재는 국립중앙박물관에서 전시하고 있다. 
 머리에는 화려한 관(冠)을 쓰고 있으며, 여기에서 나온 2가닥의 장식은 좌우로 어깨까지 늘어져 있다. 네모꼴에 가까운 얼굴은 풍만한 느낌을 주며, 광대뼈를 나오게 하고 입가를 들어가게 하여 미소 띤 얼굴을 만들었다. 
 상체는 당당하면서도 곧고 늘씬한 모습이며, 하체에서는 우아한 곡선미를 느낄 수 있다. 늘씬한 팔이나 체구에 비해서 손이나 발은 상대적으로 큼직한 편이다. 전체적으로 탄력이 있고 매끄러우며 부드럽고 율동적이어서 보살상의 우아한 모습을 한층 더 돋보이게 한다. 목 뒤로 돌아 양 어깨를 감싼 천의(天衣)는 새의 깃털처럼 치켜 올라갔다가 다시 가슴쪽으로 흘려내려 왼쪽 다리에서 교차한 다음, 양 무릎을 지나 두 팔을 감아 내렸다. 하체에 입은 치마는 다소 두툼해 보이는데 U자형 주름이 능숙하게 새겨져 있다.
 왼발을 올려 놓은 타원형의 대좌(臺座)에는 연꽃 무늬가 새겨져 있으며, 머리 뒷부분에 흔적만 있을 뿐 광배(光背)는 없어진 상태이다.
 1963년 방사선 투과법으로 촬영한 결과 내부의 결함이나 고친 흔적이 없으며, 재질이나 만든 기법이 매우 특이함이 밝혀졌다. 전체적으로 균형잡힌 자세, 아름다운 옷주름, 명상에 잠긴 듯한 오묘한 얼굴 등으로 보아 한국적 보살상을 성공적으로 완성시킨 6세기 중엽이나 그 직후의 작품으로 생각된다.","서울 용산구 서빙고로 137, 국립중앙박물관 (용산동5가,임향한의원)",,,kor,,,,G706+CHAB21-B.chaCpInfo.0000000014,
29,윤순거 초서 무이구곡가(尹舜擧 草書 武夷九曲歌),,누리집,2021-02-23 01:48:39,문화재정보,,보물,17세기 후반,"윤순거 초서 무이구곡가는 동토(童土) 윤순거(尹舜擧, 1596～1668)의 대표작으로 너그러운 짜임과 쾌속한 운필에서 16세기 초서 명필이던 봉래(蓬萊) 양사언(楊士彦, 1517-84)의 서풍과 연계되며, 또 중봉세(中鋒勢)를 유지한 둥그런 운필에서는 양사언도 지향했던 당나라 회소(懷素, 8세기 활동)의 광초(狂草)에도 맥이 닿는다. 이러한 서풍은 17세기 대자 초서풍의 새로운 면모를 이루었고 이후 18세기 초서풍에 상당한 영향을 준 점에서 주목되는 필적이다. 종이바탕도 조선중기 17세기 필적 가운데 가장 큰 예이다.","서울 용산구 서빙고로 137, 국립중앙박물관 (용산동5가,임향한의원)",,,kor,,,,G706+CHAB21-B.chaCpInfo.0000001086,
31,경희궁지(慶熙宮址),,누리집,2021-02-23 01:48:39,문화재정보,,사적,조선 광해군 8년(1616),"원종의 집터에 세워진 조선후기의 대표적인 이궁이다.
 원종(1580∼1619)은 선조의 5째 아들이자 인조의 아버지로 후에 왕으로 추존되었다. 광해군 8년(1616)에 세워진 경희궁은 원래 경덕궁 이었으나 영조 36년(1760)에 이름이 바뀌었다.
 원래의 규모는 약 7만여평 이었다. 그러나 민족항일기인 1907년부터 1910년에 걸쳐 강제로 철거되어 궁궐로서의 존재가치를 상실하였고 궁터도 철저하게 파괴되고 변형되어 결국 현재의 규모로 축소되었다.
 경희궁에는 부속건물로 회상전, 융복전, 집경당, 흥정당, 숭정전, 흥학문, 황학정이 있었는데 융복전과 집경당은 없어졌다. 나머지 건물은 1910년 지금의 서울고등학교가 설립된 후, 회상전은 조계사로, 흥정당은 광운사로, 숭정전은 조계사에 옮겼다가 다시 동국대학교 안으로, 흥화문은 박문사로, 황학정은 사직공원 뒤로 각각 옮겨져 보존되고 있다.
 현재 이 자리에 궁궐이 있었음을 보여주는 유물로는 정전이었던 숭정전의 기단부와 제자리에서 옮겨진 석수, 댓돌 등이 있고 이 밖에 바위에 새진 글이 남아있다. 공터 북쪽에 돌로 쌓은 축대의 길이는 약 100m로 건물로 오르는 계단에는 용머리조각과 구름무늬가 있어 주목된다.",서울 종로구 새문안로 45 (신문로2가),,,kor,,,,G706+CHAB21-B.chaCpInfo.0000002918,
34,서울 중앙고등학교 본관(서울 中央高等學校 本館),,누리집,2021-02-23 01:48:39,문화재정보,,사적,1937년,"일제시대에 박동진이 설계하여 지은 석조 2층 건물이다.
 1917년 중학 과정으로 내려오던 이 학교를 김성수가 인수하여 백두산을 상징하는 백산학교로 학교이름을 지으려 하였다. 그러나 일본의 방해로 결국 중앙고등보통학교로 이름 지으면서 새 건물을 짓게 되었다. 평면은 ‘H’형 모습을 하며 1층 중앙은 행정공간으로 사용하고 나머지는 교실로 사용하고 있다.
 옛 본관은 1934년 불에 탔고, 대신 세워진 이 건물은 암울했던 일제시대를 거치며 민족교육의 바른길을 잡아준 배움의 장으로 수많은 지도자를 배출한 유서깊은 곳이다. 우리나라 건축가가 설계하고, 근대 초기 양식으로 건축한 민간학교 건물로서 의의가 있다.",서울 종로구 창덕궁길 164 (계동),,,kor,,,,G706+CHAB21-B.chaCpInfo.0000002925,
45,청자 인물형 주전자(靑磁 人物形 注子),,누리집,2021-02-23 01:48:39,문화재정보,,국보,고려시대(13세기 전반),"고려시대의 만들어진 상형청자로 높이 28.0㎝, 밑지름 11.6㎝의 주전자이다.
 상형청자는 사물의 모습을 그대로 본떠 만든 것으로 이 주전자는 머리에 모자(관)를 쓰고 도포를 입은 사람이 복숭아를 얹은 그릇을 들고 있는 모습이다.
 모자 앞 부분에 구멍을 뚫어 물을 넣을 수 있게 하였고, 받쳐든 복숭아 앞 부분에 또다른 구멍을 내어 물을 따를 수 있도록 만들었다. 사람의 등 뒤에 손잡이를 붙였으며, 그 꼭대기에 작은 고리를 만들어 붙였다. 모자에 새 모양을 만들어 장식했고 모자, 옷깃, 옷고름, 복숭아에 흰색 점을 찍어 장식효과를 냈다. 맑고 광택이 나는 담록의 청자 유약을 전면에 두껍게 발랐다.
 이 주전자는 1971년 대구시 교외의 한 과수원에서 발견되어 문화재로 지정되었으며, 출토지가 분명한 13세기 전반의 상형청자 가운데 하나이다.","서울 용산구 서빙고로 137, 국립중앙박물관 (용산동5가,임향한의원)",,,kor,,,,G706+CHAB21-B.chaCpInfo.0000000106,
47,비변사등록(備邊司謄錄),,누리집,2021-02-23 01:48:39,문화재정보,,국보,조선시대 후기(1617∼1892),"조선중기 이래 국정의 핵심 업무를 담당했던 최고 의결기관인 비변사(備邊司)에서 매일매일의 업무 내용을 기록한 책이다. 비변사의 약칭이 비국(備局)이었으므로 ‘비국등록(備局謄錄)’이라고도 한다. 임진왜란 이전의 『비변사등록』은 모두 소실되었고, 현재는 1617년(광해군 9)부터 1892년(고종 29)까지 276년간의 기록 273책이 남아 있다. 등록은 1년 1책으로 작성하는 것이 원칙이나, 사건이 많을 때에는 2책 또는 3책으로 작성하는 것도 있었다. 
비변사는 고종 2년(1865)에 폐지되었음에도 1892년까지 등록이 기록된 것은 비변사 폐지 이후 의정부가 비변사의 역할을 계속 담당하면서 『의정부등록』과 같이 명칭만 다를 뿐 종전과 똑같은 체제의 등록을 작성해왔기 때문이다. 
조선후기 국정 전반에 대한 기본 자료들이 수록되어 있어 『승정원일기(承政院日記)』,『일성록(日省錄)』등과 함께 『조선왕조실록』편찬의 중요한 자료로 이용되었다. 조선후기 사회·경제적 변화의 양상을 추적할 수 있는 내용들이 충실히 수록되어 있다는 점에서 자료적 가치가 크다.","서울 관악구 관악로 1,103호 동 서울대학교 규장각한국학연구원 (신림동,서울대학교)",,,kor,,,,G706+CHAB21-B.chaCpInfo.0000000103,
48,"김정희 종가 유물 - 표제「충술근수교,훈묵의헌진장」(金正喜 宗家 遺物 - 表題「忠述謹受敎,訓墨의軒珍藏」)",,누리집,2021-02-23 01:48:39,문화재정보,,보물,,"김정희 종가 유물 일괄 - 표제「충술근수교,훈묵의헌진장」(金正喜 宗家 遺物 一括 - 表題「忠述謹受敎,訓墨의軒珍藏」)는 조선 후기의 문신이자 서화가였던 김정희(1786∼1856)의 유물로 그의 종가에 대대로 내려오는 작품이다. 김정희의 호는 추사·완당·예당 등이며 순조 19년(1819)에 문과에 급제하여 병조참판·성균관 대사성 등을 역임하였다. 고증학과 금석학을 발전시켰고 시·서·화에도 뛰어난 재능을 보여 말년에는 독창적인 글씨체인 추사체를 완성시켰다.
 이것은 표제 아래에 ‘충술근수교(忠述謹受敎)’, ‘훈묵헌진장(訓墨軒珍藏)’이라고 쓰여 있다. 안에는 김정희가 쓴 글씨가 있고 청나라 때 사람인 주학년(朱鶴年)이 김정희에게 보낸 편지 2점이 함께 들어 있다.","서울 용산구 서빙고로 137, 국립중앙박물관 (용산동5가,임향한의원)",,,kor,,,,G706+CHAB21-B.chaCpInfo.0000001696,
53,서북피아양계만리일람지도(西北彼我兩界萬里一覽之圖),,누리집,2021-02-23 01:48:40,문화재정보,,보물,18세기,"조선의 서북지방과 중국의 만주 일대를 그린 관방지도(關防地圖)로, 18세기 중엽에 제작되었다. 청나라의 침입에 대한 방어를 목적으로 제작된 군사 지도로, 제목의 ‘피아(彼我)’는 중국 청나라와 조선을 의미한다. 
지도는 백두산(白頭山)과 압록강·두만강을 중심으로 만주 흑룡강부터 서쪽 산해관(山海關)에 이르는 지역을 포괄하고 있다. 우리나라 북부지방의 하계망과 산맥 및 주요 산, 군현, 도로망과 주요지점 등이 자세하게 표시되어 있고, 특히, 압록강과 두만강 국경지대의 세밀한 교통망과 군사요지가 잘 나타나 있다. 만주 지방은 우리나라의 북부지방처럼 자세하지는 않지만, 목책장성(木柵長城)과 만리장성의 일부가 표시되어 있고, 의주→봉황성→성경을 거쳐 산해관에 이르는 자세한 경로와 관(關)·참(站)·보(堡) 등의 군사요지를 자세히 기록되어 있다. 또, 우리나라의 회령·경원에서 영고탑·개원을 거쳐 성경에 이르는 경로도 비교적 자세히 표시되어 있다. 
지도의 여백에는 만주지방의 연혁 및 이곳이 우리 민족의 옛터였던 사실과 청나라에 들어 심양·요양·건주가 각각 성경·동경·흥경으로 개명된 일 등이 기록되어 있다. 또, 방위 배치도 남북을 축으로 하지 않고 국토의 좌향(坐向)인 해좌사향(亥坐巳向, 북서북-남동남)을 상하 축으로 삼았다. 
이 지도는 역사지리적인 측면에서 학술적인 가치가 매우 높을뿐만 아니라, 회화적인 측면에서도 상당히 수준 높은 지도로 평가된다.","서울 관악구 관악로 1,103호 동 서울대학교 규장각한국학연구원 (신림동,서울대학교)",,,kor,,,,G706+CHAB21-B.chaCpInfo.0000001047,
55,조선지도(朝鮮地圖),,누리집,2021-02-23 01:48:40,문화재정보,,보물,18세기,"편자·편년 미상의 전국 군현 지도첩으로, 채식필사본이다. 전라도를 제외한 7개 도의 군현 지도를 모은 것으로, 모두 7책으로 구성되어 있다. 제1책에 함경도(23장), 제2책에 평안도(42장), 제3책에 강원도(27장), 제4책에 황해도(23장), 제5책에 경기도(33장), 제6책에 충청도(54장), 제7책에 경상도(71장)의 군현 지도가 수록되어 있다. 1개 군현이 1개 도엽으로 그려져 있으며, 일부 도엽에 비변사 도장이 찍혀 있다.
본 지도첩의 모든 군현 지도들은 20리 방안(방안의 1변 길이가 4.2cm) 위에 그려져 있다. 이 방안은 축척의 역할을 하기 때문에 본 지도첩은 전국의 모든 군현들이 동일한 축척으로 그려져 있는, 보기 드문 지도첩이다. 또, 군현의 모습이나 지리 정보의 위치 역시 전통시대 지도 중에서 가장 정확하다. 우리나라 지도 발달사를 뚜렷이 보여주는 관찬 지도로, 학술적·역사적 가치가 높다.","서울 관악구 관악로 1,103호 동 서울대학교 규장각한국학연구원동 (신림동,서울대학교)",,,kor,,,,G706+CHAB21-B.chaCpInfo.0000001061,
58,대방광불화엄경 주본 권36(大方廣佛華嚴經 周本 卷三十六),,누리집,2021-02-23 01:48:40,문화재정보,,국보,고려시대,"대방광불화엄경은 줄여서 ‘화엄경’이라고 한다. 부처와 중생이 둘이 아니라 하나라는 것을 기본사상으로 하고 있다. 화엄종의 근본경전으로 법화경과 함께 한국 불교사상 확립에 크게 영향을 끼친 불교경전 가운데 하나이다.
 이 책은 당나라 실차난타(實叉難陀)가 번역한 『화엄경』 주본 80권 중 권36이다. 닥종이에 찍은 목판본으로 두루마리처럼 말아서 보관할 수 있도록 되어 있고, 크기는 세로 29.8㎝, 가로 1253.3㎝이다.
 고려 숙종 때에 간행한『대방광불화엄경』진본 권4(보물 제685호)과 비교해 보면 글자와 목판이 약간 크며, 책머리에는 불경의 내용을 요약하여 그린 변상도(變相圖)가 있다. 이 변상도는 해인사에 있는 판본과 구도는 같지만 훨씬 정교하며 현재까지 알려진 것 중 가장 오래된 것으로 보인다.",서울 중구 세종대로21길 22 (태평로1가),,,kor,,,,G706+CHAB21-B.chaCpInfo.0000000128,
71,화성행행도 병풍(華城行幸圖 屛風),,누리집,2021-02-23 01:48:40,문화재정보,,보물,18세기,"화성행행도병풍은 정조가 부친인 사도세자의 회갑을 맞이하여, 정조 19년(1795) 윤 2월 9일부터 8일간에 걸쳐 모친인 혜경궁 홍씨를 모시고 사도세자의 묘소가 있는 화성의 현륭원(顯隆園)을 행행했을 때 거행한 주요 행사를 그린 8첩 병풍이다. 각 폭의 내용은 ‘화성성묘전배도(華城聖廟展拜圖)’, ‘낙남헌방방도(洛南軒放榜圖)’, ‘봉수당진찬도(奉壽堂進饌圖)’, ‘낙남헌양로도(洛南軒養老圖)’, ‘서장대야조도(西將臺夜操圖)’, ‘득중정어사도(得中亭御射圖)’, ‘환어행렬도(還御行列圖)’, ‘한강주교환어도(漢江舟橋還御圖)’ 등으로 구성되어 있다. 
  당시 최고의 화원으로 규장각 자비대령화원이었던 김득신, 이인문 등이 그렸는데, ‘봉수당진찬도’ 등은 기존의 전통적인 구도 방식을 따르고 있으나, ‘환어행렬도’에서는 김홍도의 평생도에 나타나는 ‘之’자형의 구도를 지니고 있다. ‘한강주교환어도’에서도 기존 궁중행사도에서 보기 힘든 새로운 화면전개방식을 취하고 있다. 또한 그림에 등장하는 인물들이 다양하고 해학성이 있어 당시의 풍속을 충실히 반영하고 있다. 색채 또한 세련된 색채를 구사하였고 묘사가 매우 정교하게 되어 있다.   
  이 그림은 대표적인 역사적 기록화로서 풍속화적인 성격도 강한데, 그림으로서만이 아닌 사료로서의 가치가 매우 크며 묘사, 색채 면에서 매우 우수하여 18세기 최고의 기록화에 속한다고 할 수 있다.","서울 용산구 이태원로55길 60-16, 삼성미술관 리움 (한남동)",,,kor,,,,G706+CHAB21-B.chaCpInfo.0000000997,
73,감지은니불공견삭신변진언경 권13(紺紙銀泥不空&#32642;索紳變眞言經 卷十三),,누리집,2021-02-23 01:48:40,문화재정보,,국보,고려 충렬왕 1년(1275),"이 책은 검푸른 색의 종이에 은가루를 사용해서 직접 불경의 내용을 옮겨 적은 것으로, 두루마리처럼 말아서 보관할 수 있도록 되어 있다. 전체 30권 중 권13에 해당하는 것으로 크기는 세로 30.4㎝, 가로 905㎝이며, 일본으로 유출되었던 것을 되찾아온 것이다.
 책 앞의 제목 끝에는 천자문의 한 글자인 ‘모(慕)’자가 표시되어 있어 천자함(千字函:천자문의 순서에 따라 책의 번호를 매기는 방법)을 사용했음을 알 수 있으며, 더불어 이 책이 대장경 중의 하나임을 알 수 있다. 책의 첫머리에는 불법을 수호하는 신장상을 금색의 가는 선으로 그렸고, 이어 경전의 내용을 은색글씨로 썼다. 책 끝에는 고려 충렬왕 1년(1275)에 왕의 주도하에 만들어진 경전이며, 삼중대사(三重大師) 안체(安諦)가 글씨를 썼다는 기록이 남아있다.
 고려시대 왕에 의해 만들어진 이런 종류의 경전이 여러 종 전래되고 있지만 이 책이 가장 먼저 만들어졌다는 점에서 주목된다. 신장상을 갖추고 만들어진 기록까지 모두 갖추고 있는 점도 높게 평가되며, 정교한 그림과 정성어린 글씨는 이 책의 품위를 한층 더 높여준다.","서울 용산구 이태원로55길 60-16, 삼성미술관 리움 (한남동)",,,kor,,,,G706+CHAB21-B.chaCpInfo.0000000131,
95,청자 음각연화당초문 항아리(靑磁 陰刻蓮花唐草文 壺),,누리집,2021-02-23 01:48:40,문화재정보,,보물,고려시대,"고려시대 만들어진 청자 항아리로 높이 24.4㎝, 아가리 지름 11.5㎝, 밑지름 11.5㎝의 크기이다.
 구형에 가까운 모양의 청자 항아리로 아래 위로 커다란 연꽃을 3송이씩 배치하고, 그 사이에 화려한 덩굴무늬를 가득 채워 넣었다. 아가리 부분은 가장자리가 밖으로 살짝 말려 있으며, 목이 짧고 볼록한 몸통에 굽이 없는 평평한 바닥면으로 되어있다. 문양의 윤곽 부분은 반양각(半陽刻)으로 시원스럽게 처리하고, 세부는 가는 음각선으로 정교하게 표현하였다. 음각의 일종이면서도, 문양의 윤곽 주위를 넓게 파서 문양을 도드라지게 하는 이러한 반양각 수법은 고려 비색청자가 최고 수준에 달하였을 때 완성된 화려한 장식 기교이다. 이 항아리에 시도된 반양각 수법의 문양 역시 굵고 가는 음각선으로 이루어져 있으며, 유약은 투명하고 아름다운 비취색으로 빙렬도 거의 없다. 
 고려청자의 모양으로는 매우 드물게 몸체가 풍만하고, 구형에 가까운 항아리로 그릇 전면에 반양각 수법으로 새긴 연꽃과 덩굴무늬도 빼어나게 아름답다.","서울 용산구 이태원로55길 60-16, 삼성미술관 리움 (한남동)",,,kor,,,,G706+CHAB21-B.chaCpInfo.0000000835,
104,여계묘역(呂稽 墓域),,누리집,2021-02-23 01:48:40,문화재정보,,시도유형,,"서울특별시 구로구 고척 2동에 있는 함양 여씨의 묘역이다. 
 함양 여씨의 시조는 중국 내주 사람인 여어매(呂御梅)이며, 본관은 경상남도 함양이다. 여어매는 원래 당나라 사람으로 한림학사를 역임하였는데, 황소의 난을 피하여 통일신라 헌강왕 3년(877) 신라에 귀화하였다. 경상북도 성주군 벽진면에 정착하여 살았고, 고려시대에는 공조전서를 지내었다. 
 묘역에는 함양 여씨의 선조인 숭의랑공의 묘가 윗쪽에 있고 그 아래쪽에 그의 부인의 묘가 있다. 숭의랑공은 조선 전기의 인물로 태종 때에 호조좌랑, 호조참판 등을 역임하였다. 세종 3년(1421)에 세상을 떠났으며, 세종 10년(1428)에 이곳에 묘소를 마련하였다. 부인은 당시 정승을 지낸 심백덕의 손녀이며, 판사를 지낸 심의구의 딸인 청송 심씨이다.
 묘역의 총 면적은 1025㎡이며, 봉분 2기, 묘비 1개, 상석 2기, 문·무관석 2기가 있다. 조선 전기 묘제를 알 수 있는 분묘 양식으로, 지석과 기단석 등은 물론 묘비와 문·무관석의 양식 연구에도 가치가 있다.",서울 구로구 고척동 산6-3번지,,,kor,,,,G706+CHAB21-B.chaCpInfo.0000005244,
105,서울 정릉(서울 貞陵),,누리집,2021-02-23 01:48:40,문화재정보,,사적,조선 태조 9년(1401),"조선 태조 이성계의 두번째 부인인 신덕왕후(?∼1396) 강씨의 무덤이다.
 원래의 자리는 정동에 있었으나 의정부에서 왕의 무덤이 모두 도성 밖에 있는데 정릉만이 도성 안에 있고, 무덤이 크고 넓다는 논란이 있어서 도성 밖 현재의 자리로 태종 9년(1409)에 옮겼다.
 태종은 무덤을 옮긴 후 정자각을 없애고, 홍수에 의해 없어진 광통교를 다시 짓는데 정릉의 십이지신상 등 석물을 실어다 만들게 하였다. 무덤을 옮긴지 수백년간 정릉은 왕후의 무덤이라기 보다는 주인없는 무덤에 불과하였는데, 현종 10년(1669)에 송시열의 상소에 의해 정릉이 회복되었다.
 정릉은 병풍석과 난간석을 세우지 않고, 호석과 양석이 각 1쌍으로 줄어들고, 무석을 세우지 않았기 때문에 다른 왕후의 무덤에 비하여 빈약하지만 조선왕조 최초로 만들어진 왕비의 무덤이다.
 조선왕릉의 무덤 제도는 고려왕릉 제도를 기본으로 하고 약간 변화시켜 만든 것이다. 정릉의 사각명등석이 고려 공민왕과 노국공주의 무덤인 현재 정릉의 것을 따르고 있는 것을 보면, 조선왕릉은 고려왕릉을 규범으로 삼았다는 것을 알 수 있다.

※(정릉 → 서울 정릉)으로 명칭변경 되었습니다. (2011.07.28 고시)",서울 성북구 정릉2동 산87-16번지,,,kor,,,,G706+CHAB21-B.chaCpInfo.0000002901,
106,범망경 및  금강반야바라밀경(梵網經 및  金剛般若波羅蜜經),,누리집,2021-02-23 01:48:40,문화재정보,,보물,고려 우왕 13년(1387),"후진(後秦)의 구마라습(鳩摩羅什)이 번역한 범망경과 금강반야바라밀경을 한 책으로 묶은 것이다. 세로 24.5㎝, 가로 15.2㎝ 크기로 되어 있으며 목판에 새긴 뒤 닥종이에 찍은 것이다. 
 범망경의 원래 명칭은 '범망경노사나불설보살심지계품' 또는 '범망보살계경'으로, 자기 안에 있는 부처님의 성품을 계발하는 것을 목적으로 하는 불경이다. 금강반야바라밀경은 줄여서 ‘금강경’이라고 부르며, 조계종의 근본경전으로 우리나라에서는 반야심경 다음으로 널리 읽히는 경전이다.
 금강반야바라밀경에는 천로(川老)가 지은 송(頌:찬양하는 글)이 붙어 있으며, 끝부분에는 고려 우왕 13년(1387)에 유향과 강인부가 왕비에게 청하여 판을 새기게 되었다는 내용의 발문(跋文:책의 끝에 내용의 대강과 그에 관련된 일을 간략하게 적은 글)이 있다. 지담(志淡)이 판을 새기고, 발문은 이색(李穡)이 짓고 글씨는 각지(角之)가 썼다는 기록도 있다.
 범망경에는 간행 기록이 적혀있지 않아 자세한 내용을 알 수 없으나, 두 불경의 종이질이 같은 것으로 보아 같은 시대에 찍어낸 것으로 보인다.","서울 서대문구 충정로9길 10-10, (재)아단문고 (충정로2가)",,,kor,,,,G706+CHAB21-B.chaCpInfo.0000000792,
117,구 서울대학교 본관(舊 서울大學校 本館),,누리집,2021-02-23 01:48:40,문화재정보,,사적,1931년,"일제시대인 1931년에 준공된 옛 경성제국대학의 본관으로, 1945년 이후 서울대학교 본관으로 사용되었다. 서울대학교가 1972년 관악캠퍼스로 이전한 뒤 문화예술진흥원 청사로 사용되고 있다.
 경성제국대학은 3·1 독립운동이 일어난 후 이상재 선생을 대표로 한 조선민립대학 기성회가 결성되자, 이를 저지하기 위해 일제가 경성제국대학령을 공포하고 예과(豫科)를 모집하여 1926년 법문학부와 의학부를 개설함으로써 시작되었다. 본관은 벽돌로 쌓은 3층 건물로써 우리나라 건축계의 선구자인 박길룡씨가 설계했고, 공사는 일본인 회사 미야까와구미가 맡았다. 평면은 장방형이며 지붕의 모습은 세련되고 우아하다.
 건물의 일부 출입구 등이 고전풍의 아치를 지니고 있지만, 대체로 과거 건물의 양식을 모방하지 않으려는 근대적 성격의 건물로, 종로구에 있던 서울대학교 건물 가운데 유일하게 남은 건물이다.",서울 종로구 동숭길 3 (동숭동),,,kor,,,,G706+CHAB21-B.chaCpInfo.0000002922,
120,창덕궁 금천교(昌德宮 錦川橋),,누리집,2021-02-23 01:48:40,문화재정보,,보물,,"금천교는 창덕궁의 돈화문과 진선문(進善門)사이를 지나가는 명당수(明堂水)위에 설치되어 있다. 창덕궁의 명당수, 즉 금천(禁川)은 북쪽에서 남쪽으로 흘러내려 돈화문 오른쪽까지 와서 궐 밖으로 빠져나가는데, 이 어구(御溝)물가에는 화강석 6∼7단을 가지런하게 쌓은 축대를 설치하였고, 여기에 금천교를 설치하여 궐내로 들어갈 수 있게 하였다.
금천교는 창덕궁이 창건되고 6년 뒤인 태종 11년(1411)3월 진선문 밖 어구에 설치되었는데, 그 후 숱한 화재와 전란에도 불구하고 창건 당시의 모습을 보존하고 있다. 현존하는 궁궐 안 돌다리 가운데 가장 오래된 것이다.
규모는 의장(儀杖)을 갖춘 국왕의 행차 때 노부(鹵簿)의 폭에 맞도록 설정되었으며, 상면은 길이12.9m, 너비 12.5m로 정사각형에 가까울 정도로 폭이 넓다.
구조는 하천 바닥의 중앙과 물가에 놓인 기반석을 토대로 홍예를 2개 튼 형식으로 물가의 축대는 부벽(扶壁)구실을 하고 있으며, 홍예 위에는 장대석 모양의 멍에돌을 얹었다. 다리의 상면은 불룩하게 곡면으로 만들고 바닥을 3칸으로 구분하여 칸마다 장대석을 고르게 깔았으며, 다리 가장자리에는 그 위에 동물상을 조각한 이주석이 세워져 있다.
난간은 머리 부분을 연화보주형(蓮花寶珠形)으로 장식한 법수와 그 사이에 세운 판석으로 이루어져 있다. 판석은 하엽동자기둥(荷葉童子柱)모양의 부조를 중심으로 2칸으로 분절되었고 칸마다 안상을 투각하여 놓았다.
법수 밑에는 멍엣돌 위치에서 돌출된 석재에 짐승머리모양을 환조(丸彫)로 조각하였다. 다리 측면의 홍예 사이 벽에는 귀면형(鬼面形)이 부조되어 있고, 그 아래쪽의 홍예 기반석 위에는 남쪽에 해태상, 북쪽에 거북이상 등 환조로 만든 동물상들이 배치되어 있어서 금천의 분위기를 상징적으로 연출하고 있다.
현재 서울에 남아있는 가장 오래된 돌다리이며, 궁궐의 위험을 보여주는 상징적 조각상과 아름다운 문양, 견고하고 장중한 축조 기술 등이 돋보이는 이중 홍예교로서 역사적, 예술적, 건축적 가치가 뛰어나다.","서울특별시 종로구 율곡로 99-0 (와룡동, 창덕궁)",,,kor,,,,G706+CHAB21-B.chaCpInfo.0000001104,
126,정조어필-제문상정사(正祖御筆-題汶上精舍),,누리집,2021-02-23 01:48:40,문화재정보,,보물,,"1798년 9월에 정조가 정와(靜窩) 정민시(鄭民始, 1745-1800)의 문상정사(汶上精舍)에 대하여 지은 어제어필 칠언시이다. 옅은 분홍 종이에 금니로 운룡문(雲龍紋)을 그린 화려한 바탕에 행서로 쓴 것이다. 머리와 말미에 각각 [규장지보(奎章之寶)]와 [홍재(弘齋)]·[만기지가(萬幾之暇)]라는 정조의 어용인(御用印)이 찍혀 있다. 현존하는 정조어필 가운데 크기가 가장 크며 보존상태도 매우 좋다. 또한 연청색과 상아색 비단으로 꾸민 조선후기의 전형적인 궁중표장(宮中表裝)을 보여주고 있다. 서체 역시 정조가 이전에 쓴 글씨보다 더욱 두터운 필치에 파임이나 갈고리부분에서 안진경의 유풍이 두드러져있다. 승하 2년 전에 쓰인 것으로서 만년의 대표작으로 예술성이 뛰어나 정조어필의 최고작으로 평가된다. 이 서축은 내용·서체·장황등이 삼위일체를 이루는 궁중글씨문화를 대표하고 있는 작품이라 할 수 있다.","서울 용산구 서빙고로 137, 국립중앙박물관 (용산동5가,임향한의원)",,,kor,,,,G706+CHAB21-B.chaCpInfo.0000001079,
133,송문흠 예서 경재잠(宋文欽 隸書 敬齋箴),,누리집,2021-02-23 01:48:40,문화재정보,,보물,1751년 (영조 27. 송문흠 42세),"<예서 경재잠>은 한정당 송문흠(1710～52)이 1751년 여름에 형 송명흠의 늑천계당에서 여일(汝一)을 위해 주희의 「경재잠(敬齋箴)」을 쓴 것이다. 한 줄에 4자씩 모두 44행에 써서 가로로 길게 배접한 상태인데 종이바탕을 살펴보면, 원래 한 줄에 8자씩 쓴 띠폭이었음을 알 수 있다. 글씨는 자간(字間)을 접어 일정한 틀 안에 한 글자씩 썼는데, 동한시대의 <조전비(曺全碑)>를 바탕으로한 부드럽고 유려한 필치이다. 그의 예서풍은 동시대와 후대에 큰 영향을 미쳤는데, 이 필적이 그러한 면모를 잘 보여준다.",서울 종로구 필운대로11길 22 (신교동),,,kor,,,,G706+CHAB21-B.chaCpInfo.0000001090,
134,금동미륵보살반가사유상(金銅彌勒菩薩半跏思惟像),,누리집,2021-02-23 01:48:40,문화재정보,,국보,삼국시대,"국립중앙박물관에 있는 금동미륵보살반가사유상(국보 제78호)과 함께 국내에서는 가장 큰 금동반가사유상으로 높이가 93.5㎝이다. 1920년대에 경주에서 발견되었다고 전하나 근거가 없으며, 머리에 3면이 둥근 산 모양의 관(冠)을 쓰고 있어서 ‘삼산반가사유상(三山半跏思惟像)’으로도 불린다.
 얼굴은 거의 원형에 가까울 정도로 풍만하고 눈두덩과 입가에서 미소를 풍기고 있다. 상체에는 옷을 걸치지 않았고, 목에 2줄의 목걸이가 있을 뿐 아무런 장식이 없다. 왼발은 내려서 작은 연꽃무늬 대좌(臺座)를 밟고 있고, 오른발은 왼쪽 무릎 위에 얹어 놓았다. 왼손으로는 오른 발목을 잡고 오른손은 팔꿈치를 무릎에 얹었으며, 손가락으로 턱을 살며시 괴고 있다. 하반신을 덮은 치맛자락은 매우 얇게 표현하여 신체 굴곡이 잘 드러나며, 연꽃무늬 대좌를 덮은 옷자락은 깊고 자연스럽게 조각되었다. 왼쪽으로 옥을 꿴 치마의 띠가 내려가고 있으며, 머리 뒷부분에는 긴 촉이 달려 있어 광배(光背)를 꽂았음을 알 수 있다. 
 단순하면서도 균형잡힌 신체 표현과 자연스러우면서도 입체적으로 처리된 옷주름, 분명하게 조각된 눈·코·입의 표현은 정교하게 다듬어진 조각품으로서의 완벽한 주조 기술을 보여준다. 잔잔한 미소에서 느껴지는 반가상의 자비로움은 우수한 종교 조각으로서의 숭고미를 더해준다. 국보 제78호인 금동미륵보살반가사유상보다 연대가 내려와 삼국시대 후기에 만든 것으로 추정된다.","서울 용산구 서빙고로 137, 국립중앙박물관 (용산동5가,임향한의원)",,,kor,,,,G706+CHAB21-B.chaCpInfo.0000000019,
163,김정희 종가 유물 - 척독초본(金正喜 宗家 遺物 - 尺牘초本),,누리집,2021-02-23 01:48:41,문화재정보,,보물,,"김정희 종가 유물 일괄 - 척독초본( 金正喜 宗家 遺物 一括 - 尺牘？本)는 조선 후기의 문신이자 서화가였던 김정희(1786∼1856)의 유물로 그의 종가에서 대대로 보관해 오던 작품이다. 김정희의 호는 추사·완당·예당 등이며 순조 19년(1819)에 문과에 급제하여 병조참판·성균관 대사성 등을 역임하였다. 고증학과 금석학을 발전시켰고 시·서·화에도 뛰어난 재능을 보여 말년에는 독창적인 글씨체인 추사체를 완성시켰다.
 중국 청조의 학자인 왕맹자와 장보산이 보낸 편지를 베껴 놓은 것이다.","서울 용산구 서빙고로 137, 국립중앙박물관 (용산동5가,임향한의원)",,,kor,,,,G706+CHAB21-B.chaCpInfo.0000001692,
167,서울 수국사 목조아미타여래좌상 및 복장유물(서울 守國寺 木造阿彌陀如來坐像 및 腹藏遺物),,누리집,2021-02-23 01:48:41,문화재정보,,보물,,"수국사는 세조대왕의 큰 아들인 의경세자(懿敬世子)가 20세의 나이로 요절하자 덕종으로 추존하고 넋을 위로하고자 1459년(세조 5)에 그의 능 근처에 정인사(正因寺)를 창건하였다. 이후 사찰을 현재의 장소로 옮겨 짓고 수국사(守國寺)로 개명하여 왕실을 안녕과 수복을 축원하는 원찰(願刹)로서의 기능을 수행하였다.
수국사 목조아미타여래좌상은 제작연대가 적힌 발원문이 없어 정확한 조성 시기는 알 수 없지만, 중후한 얼굴과 건장한 형태미 그리고 이중으로 입은 착의법과 자연스러우면서 특징 있는 옷주름 등에서 13세기에서 14세기 전반기에 조성된 불상들과 양식적 특징이 유사하다. 즉, 힘과 중후함이 느껴지는 얼굴과 신체는 물론 왼쪽 어깨에서 짧고 촘촘하게 흘러내린 주림이 좁은 겹 오메가(Ω)형의 주름을 형성하고 있는 점과 금구 장식 없이 간결하게 처리된 승각기의 표현 등은 서산 개심사 아미타여래좌상(1280년 중수), 서울 개운사 아미타여래좌상(1274년경), 나주 심향사 건칠아미타여래좌상(보물 제1544호) 등 13세기 중·후반 경의 불상들과 비교된다. 특히 이 불상에서 느껴지는 중량감 넘치는 건장한 남성적인 형태미는 고려후기 귀족풍의 단정하고 아담한 형태미를 추구했던 하나의 조류와는 또 다른 불교조각의 흐름과 미의식을 알려 주고 있어 그 의미가 크다.","서울 은평구 서오릉로23길 8-5, 수국사 (구산동)",,,kor,,,,G706+CHAB21-B.chaCpInfo.0000001054,
175,덕수궁 함녕전(德壽宮 咸寧殿),,누리집,2021-02-23 01:48:41,문화재정보,,보물,조선시대,"함녕전은 고종황제가 거처하던 황제의 생활공간(침전)이다. 광무 1년(1897)에 지었는데 광무 8년(1904) 수리공사 중 불에 타, 지금 있는 건물은 그해 12월에 다시 지은 건물이다. 이곳은 순종에게 왕위를 물려 준 뒤 1919년 1월 21일 고종황제가 돌아가신 곳이기도 하다.
 규모는 앞면 3칸·옆면 4칸이며 서쪽 뒤로 4칸을 덧붙여 평면이 ㄱ자형이다. 지붕은 옆면에서 볼 때 여덟 팔(八)자 모양을 한 팔작지붕인데 위쪽에 여러 가지 조각을 장식해 놓고 있다. 더욱이 지붕 모서리 부분에 조각들(잡상)을 나열한 점은 침전 건축에서 잘 사용하지 않는 특이한 구성이다. 지붕 처마를 받치기 위해 장식하여 짜은 구조는 새부리 모양으로 간결하게 장식한 익공 양식이며 구름과 덩굴문양으로 꾸몄다. 건물의 천장은 천장 속을 가리고 있는 우물 정(井)자 모양의 천장으로 꾸몄고, 네면 모든 칸에 벽을 두르지 않고 창을 달아 놓았다.
 조선 후기 마지막 왕실 침전 건물로 건축사 연구에 좋은 자료가 되고 있다.",서울 중구 세종대로 99 (정동),,,kor,,,,G706+CHAB21-B.chaCpInfo.0000000735,
180,칠장(漆匠),,누리집,2021-02-23 01:48:41,문화재정보,,시도무형,,"칠장은 칠기를 만드는 기술과 그 기능을 가진 사람을 말하며, 칠기란 목기에 옻나무에서 채취한 나무액을 칠한 용기를 말한다.
 칠기를 만드는 것은 옻칠을 하는 것인데, 옻칠의 종류에는 생칠, 정제생칠, 정제칠이 있다. 생칠은 전통적인 방법으로 옻나무에서 채취한 그대로의 상태를 사용한다. 정제생칠은 생칠에 들어 있는 이물질을 제거한 칠로 약재나 용기에 바르는데 사용한다. 정제칠은 공예, 공산품에 바르기 위하여 각종 색상으로 만든 칠을 말한다.
 옻칠의 성분에는 고무질이 있어 방수에 효과가 있으며, 썩지 않는 효과도 있어 예전에는 장례용 관에 거의 옻칠을 했다. 옻칠은 오래될수록 단단해지고 습기, 벌레를 방지하는 효과도 있다. 과거에 팔만대장경이 오랫동안 보존될 수 있었던 데에는 여러 이유가 있지만 그 중에서도 옻칠이 큰 역할을 하였다고 한다.
 칠장은 여러 가지 효과와 은은한 멋을 느낄수 있는 전통공예기술로서 신중현씨가 기능보유자로 인정되어 그 맥을 이어가고 있다.
※위 문화재에 대한 상세문의는 서울특별시 문화재과 (☎02-2171-2587)로 하시기 바랍니다.",서울 종로구 율곡로3길 74-12 (안국동),,,kor,,,,G706+CHAB21-B.chaCpInfo.0000008743,
192,청자 오리모양 연적(靑磁 鴨形 硯滴),,누리집,2021-02-23 01:48:41,문화재정보,,국보,고려시대(12세기),"오리 모양으로 만든 고려시대의 청자 연적으로 높이 8㎝, 너비 12.5㎝의 크기이다.
 물위에 뜬 오리가 연꽃줄기를 물고 있으며 연잎과 봉오리는 오리의 등에 자연스럽게 붙어있다. 오리의 등의 연잎으로 장식된 부분에는 구멍이 있어서 물을 넣도록 되어있고, 연꽃 봉오리 모양의 작은 마개를 꽂아서 덮고 있다. 물을 따르는 부리는 오리 주둥이 오른편에 붙어 있는데, 이 부리가 연줄기에 달린 봉오리 끝으로 통했으리라 짐작되지만, 지금은 그 부분이 부서져 있어 원형을 확실히 알 수 없다. 
 이 연적은 오리의 깃털까지도 매우 사실적으로 표현하는 정교한 기법을 보여주고 있으며, 알맞은 크기와 세련된 조각기법, 그리고 비색(翡色)의 은은함을 통해 고려 귀족 사회의 일면을 엿볼 수 있는 훌륭한 작품이다.","서울 성북구 성북로 102-11, 간송미술관 (성북동,간송미술관)",,,kor,,,,G706+CHAB21-B.chaCpInfo.0000000013,
227,등메장(등메장),,누리집,2021-02-23 01:48:41,문화재정보,,시도무형,,,"서울 양천구 목동서로 130, 409동 1305호 (목동,목동4단지아파트)",,,kor,,,,G706+CHAB21-B.chaCpInfo.0000008771,
240,서울 삼양동 금동관음보살입상(서울 三陽洞 金銅觀音菩薩立像),,누리집,2021-02-23 01:48:41,문화재정보,,국보,삼국시대,"1967년 서울시 도봉구 삼양동에서 발견된 높이 20.7㎝의 보살상으로, 현재는 국립중앙박물관에서 관리하고 있다. 발목 윗부분에 금이 가고 왼쪽 옷자락이 약간 떨어져 나간 상태이다.
 머리에는 삼각형의 관(冠)을 쓰고 있고, 양감 있는 얼굴은 원만해 보이며, 입가에는 엷은 미소를 짓고 있다. 상체는 어깨가 좁아 위축된 모양이며, 배를 앞으로 내밀고 있어 옆에서 보면 활처럼 휘어진 모습이다. 배와 무릎 근처에 이중으로 걸쳐져 있는 두꺼운 옷은 U자형으로 늘어져 있다. 치마는 두껍게 입어서 다리의 윤곽이 뚜렷하지 않으며, 옷주름은 몇 가닥의 선으로 단순화시켰다. 오른손은 허리 근처에서 정병(淨甁)을 들고 있으며, 왼손은 위로 올려 엄지와 검지를 V자형으로 곧게 펴고 있는 특이한 모습이다. 보살이 서 있는 대좌(臺座)에는 엎어 놓은 연꽃무늬를 새겨 놓았으며, 꽃잎은 그 끝이 뾰족하여 보살상의 부드러움과 대비된다.
 이 보살상은 삼각형 모양의 관에 작은 부처 하나를 새기고 있는 점과 오른손에 정병을 들고 있는 점으로 볼 때 관음보살이 분명하며, 살찐 얼굴과 신체, U자형으로 늘어진 옷 등으로 보아 만든 시기는 7세기 전반으로 추정된다. 따라서 삼국시대 후기에 크게 유행했던 관음신앙의 단면을 보여주는 귀중한 자료라 하겠다.","서울 용산구 서빙고로 137, 국립중앙박물관 (용산동5가,임향한의원)",,,kor,,,,G706+CHAB21-B.chaCpInfo.0000000076,
248,여지도(輿地圖),,누리집,2021-02-23 01:48:41,문화재정보,,보물,18세기,"18세기 말에 편찬된 것으로 보이는 지도책이다. 총 3책으로 이루어져 있으며 채식필사본이다. 제1책에는 세계지도, 중국지도, 북경과 한양의 도성도, 전도 등 6장의 지도가 실려 있고, 제2책에는 정상기(鄭尙驥)의『동국지도(東國地圖)』유형의 조선 도별도가 수록되어 있다. 또, 제3책에는 중국 각 성(省)의 지도 16장이 실려 있는 등 일반적인 조선후기 지도책과는 내용 구성에서 차이가 있다.  
‘여지도류’ 중에서 제작 시기가 비교적 빠른 편으로 지도의 표현과 기법이 매우 뛰어나며, 역사적·학술적 측면에서 가치가 높은 자료이다.","서울 관악구 관악로 1,103호 동 서울대학교 규장각한국학연구원 (신림동,서울대학교)",,,kor,,,,G706+CHAB21-B.chaCpInfo.0000001066,
249,진실주집(眞實珠集),,누리집,2021-02-23 01:48:41,문화재정보,,보물,조선 세조 8년(1463),"중국 송나라의 예묘행이 선(禪)을 닦는 이름높은 스님들의 새김글(명<銘>), 시가(詩歌), 심요(心要), 불교와 관련한 명언과 시문 등을 모아 편집한 것이다.
 당시 진의부사로 있던 황오신이 쓴 글씨로 표본을 제작해 윤필상, 노사신, 한계희의 감수를 거쳐 간행되었다. 세조 8년(1462) 불교의 경전 간행을 맡아보던 간경도감에서 새긴 최초 간행본으로 새김이 정교하고 인쇄가 깨끗하며 상태도 양호하다. 크기는 가로 17.5㎝, 세로 26.8㎝이다.
 현재까지 알려진 간경도감에서 간행된 판본 가운데 가장 오래된 것이다.","서울 서대문구 충정로9길 10-10, (재)아단문고 (충정로2가)",,,kor,,,,G706+CHAB21-B.chaCpInfo.0000000794,
250,서울 의릉(서울 懿陵),,누리집,2021-02-23 01:48:41,문화재정보,,사적,조선 경종 4년(1724),"조선 20대 경종(재위 1720∼1724)과 그의 비인 선의왕후의 무덤이다. 경종은 희빈장씨의 소생으로 어렸을 때부터 몸이 약하여 왕위에 오른지 4년만에 세상을 떠났다.
 일반적으로 쌍릉은 좌·우로 조성하지만 이 무덤은 앞·뒤로 무덤을 조성한 상하이봉릉(上下異封陵)이다. 이처럼 앞·뒤로 만든 것은 풍수지리설에 의한 것으로 효종과 인선왕후의 무덤인 영릉에서 처음 나타났다.
 왕릉에는 무덤 둘레에 병풍석을 세우지 않고 대신 무덤 주위에 12칸의 난간석을 설치했는데, 난간석의 기둥에는 십이간지가 방위에 따라 문자로 새겨져 있다. 난간석 밖으로 망주석·장명등·문무석과 말·양·호랑이가 있다. 무덤의 석물 배치와 양식은 명릉과 같이 규모가 작고 간소한 후릉제도를 택하였다. 왕비릉의 석물 배치는 왕릉과 같으나 무덤 뒤에 담을 두르지 않았다.

※(의릉 → 서울 의릉)으로 명칭변경 되었습니다. (2011.07.28 고시)",서울 성북구 예술길 100,,,kor,,,,G706+CHAB21-B.chaCpInfo.0000002900,
251,목장지도(牧場地圖),,누리집,2021-02-23 01:48:41,문화재정보,,보물,1678년,"1678년에 완성된 필사본 채색지도첩이다. 1권 42면으로 구성된 이 지도첩은 모두 3장으로 구성되었다. 첫 장에는 진헌마정색도(進獻馬正色圖), 두 번째 장에는 도군별 목장상황을 담은 회화식 지도, 세 번째 장에는 이 지도첩의 제작동기와 시기를 알려주는 허목(許穆)의 기문(記文)이 실려 있다.
허목은 당시 사복시의 제조였는데, 그 이전에 작성되었던 목장지도를 수정편찬하여 목장지도를 제작하게 하였다. 회화식 지도부분에는 전국의 목장 소재지를 지도에 그려넣고 소와 말, 목자(牧子)의 통계와 목장의 면적, 폐장된 목장의 상황 등을 기재하였다. 효종이 북벌계획(北伐計畵)을 추진함에 따라 군마(軍馬) 양육지로 전국의 초원지대와 도서 ·황무지 등에 목장을 확충하였는데, 이 지도첩은 그 위치와 크기, 상황을 시각적으로 기록한 것이다. 각 폭(幅), 각 면(面)마다 군명(郡名)과 이정표(里程表)를 기입한 이 국립중앙도서관 소장의 이 지도첩은 당시의 마정(馬政)과 목장에 관한 시책을 알 수 있는 귀중한 자료이다.","서울 서초구 반포대로 201, 국립중앙도서관 (반포동,국립중앙도서관)",,,kor,,,,G706+CHAB21-B.chaCpInfo.0000001070,
258,금동관음보살입상(金銅觀音菩薩立像),,누리집,2021-02-23 01:48:41,문화재정보,,보물,통일신라시대 8세기,"금동으로 제작된 관음보살상이다. 관음보살은 부처의 자비로움을 상징하는 보살로서 중생들이 이름을 외우기만 해도 고통으로부터 구제된다고 한다.
 머리에는 높직한 보관(寶冠)을 쓰고 있으며 보관의 정면에 관음보살의 징표인 작은 부처 1구가 새겨져 있고, 왼손에는 정병(淨甁)을 들고 있다. 얼굴은 약간의 손상이 있으나 원만하면서도 입가에 미소를 머금고 있어 조용한 가운데 자비가 넘치고 있다.신체는 발달한 가슴 잘록하고 유연한 허리, 늘씬한 하체 등으로 인하여 우아하고 세련된 조형성을 보인다. 목걸이에 달린 장식과 어깨에서 발까지 길게 드리워진 구슬장식이 함께 어울려 보살을 더욱 화려하게 만들고 있다. 물결치듯 흘러내린 옷자락은 U자형의 옷주름과 함께 생동감을 더하고 있다. 
 이 보살상의 가장 큰 조형적 특징은 허리를 약간 비틀고 있는 삼굴(三屈)자세로, 통일신라 불상의 특징을 잘 표현하고 있다. 몸 위에 걸쳐진 화려한 장신구들과 삼굴자세는 불상조각의 극치를 이루고 있다.","서울 용산구 이태원로55길 60-16, 삼성미술관 리움 (한남동)",,,kor,,,,G706+CHAB21-B.chaCpInfo.0000000796,
261,기사계첩(耆社契帖),,누리집,2021-02-23 01:48:41,문화재정보,,보물,조선 숙종,"숙종 45년(1719) 4월 17일과 18일에 열린 70세 이상의 퇴직관리들의 모임장면을 그린 그림이다. 참석자들의 초상화와 모임 장면을 비롯해 축시와 회원 명단이 들어있는 화첩으로 모두 50면으로 이루졌다.
 가로 36㎝, 세로 5㎝로 장태흥·허숙 등이 그림을 그리고, 이의방이 글씨를 썼다. 숙종 때에 12부를 만들었으나 현재 전해지는 것은 3부이다. 이 화첩에 그려진 반신상의 초상화는 정장관복의 차림으로 18세기 초기의 전형적인 모습이다.
 이 계첩은 보존상태가 좋고 원형이 훼손되지 않아 당시의 기사계첩 형식을 연구하는데 중요한 자료로 평가된다.","서울 용산구 서빙고로 137, 국립중앙박물관 (용산동5가,임향한의원)",,,kor,,,,G706+CHAB21-B.chaCpInfo.0000000798,
262,북한지(北漢誌),,누리집,2021-02-23 01:48:41,문화재정보,,시도유형,,"북한지는 북한산성의 수축을 총 지휘한 성능이 산성의 수축 과정과 수축 내용을 상세히 기록한 목판본 지리지로, 북한산성이 6개월이라는 단기간에 완성된 당시의 상황을 잘 알 수 있으며, 앞에 수록된 북한도(北漢圖)는 북한산성의 규모를 짐작하고 복원하는데 귀중한 자료이다.",새문안길 50 서울역사박물관,,,kor,,,,G706+CHAB21-B.chaCpInfo.0000005528,
265,남지기로회도(南池耆老會圖),,누리집,2021-02-23 01:48:41,문화재정보,,시도유형,,"경호당원도(보물 제866호:2품 이상의 벼슬을 가진 자로서 70세 이상된 신하와 연로한 임금과의 모임을 그린 것)을 본 떠 그린 그림이다.
 비단에 채색하여 족자로 만든 이 그림은 12명의 노신들과 주안상을 준비하는 여인들의 모습 등이 두드러지게 표현되어 있으며, 이들이 입고 있는 옷들의 색채도 다양하다. 맨 앞쪽의 좌우에 버드나무가 짝을 지어 서 있고, 그 뒤에 연꽃이 아름답게 피어있는 연못이 펼쳐지고 있으며, 그 건너편에 노회가 열리는 건물이 배치되어 있다. 연못과 연꽃이 어우러지는 분위기가 이 모든 것을을 휘감고 있으며 짜임새 있고 단순한 구도가 돋보인다. 산뜻하면서도 은은한 색채감 등이 아름다운 연꽃과 어울려 시적인 분위기를 짙게 풍겨준다. 
 조선 전기의 그림들이 안견파 화풍의 산수화를 배경으로 하여 계회의 장면이 아주 작게 상징적으로 표현하는것에 비해, 이 작품은 조선 중기의 작품답게 모임의 장면표현을 훨씬 강조하고 있다.
 그림 아래에 장유와 박세당의 글이 남아 있어 이 그림에 대한 내력을 알 수 있다. 즉, 숭례문 앞에 있던 홍첨주의 집에서 열린 모임을 그린 것으로, 인조 7년(1629) 도화서 화원 이기룡이 그린 것을 병자호란 후 원본을 본 떠 다시 그려 놓은 것이라 한다.",서울 동대문구 제기동 122-164번지,,,kor,,,,G706+CHAB21-B.chaCpInfo.0000005245,
270,와룡묘(臥龍廟),,누리집,2021-02-23 01:48:41,문화재정보,,시도민속문화재,,"중국 삼국시대 당시의 정치가였던 제갈공명을 모시는 사당이다.
 『조선왕조실록』에 의하면 선조 38년(1605) 평안도 영유현에 공식으로 와룡묘를 짓게 하였고, 그 후부터 왕들이 관원을 보내어 제를 올리거나 제문(祭文)을 지어 보낸 예도 있으며, 사액(賜額)의 예도 전하는데, 이 와룡묘와의 연관성은 확실치 않다. 
 기와지붕을 얹은 건물로, 내부로 들어가면 2m 크기의 제갈공명 석고상과 함께 2.5m 높이의 관운장의 석고상이 있고, 그밖에 대북·소북·종 등 의식용 악기들을 갖추고 있다. 조선시대 후기 고종의 후궁이 된 엄상궁이 처음 세웠다고 전하는데, 1924년 화재로 훼손되었다가 1934년 재건되어 지금에 이르고 있다. 
 경내에는 단군묘, 제석전(帝釋殿), 약사전(藥師殿), 삼성각(三星閣), 요사(寮舍), 문신각(文臣閣) 등이 함께 있어, 와룡묘가 중국 도교계의 신령을 모신 단순한 사당이 아니라, 우리의 토속신앙과 결합된 무속신앙으로 자리잡고 있음을 보여준다.",서울 중구 예장동 산5-6번지,,,kor,,,,G706+CHAB21-B.chaCpInfo.0000011267,
298,검 및 칼집 부속(劍 및 劍&#38808; 附屬),,누리집,2021-02-23 01:48:42,문화재정보,,국보,,"대구시 북부 비산동에 있는 초기철기시대 무덤유적에서 나온 유물이다.
 동검은 전형적인 세형동검으로 칼 끝이 예리하고 칼몸 끝까지 등날이 세워져 있다. 모양은 가운데 마디가 있고 칼자루 끝에는 물새 두 마리가 머리를 돌리고 서로 바라보는 모습을 하고 있다. 이러한 장식은 전에 평양부근에서 출토된 적이 있는 것으로 북방지역 청동기 문화와의 연관성을 나타내고 있다. 칼자루의 표면은 윤택이 나고 그 밖의 다른 세부 조각이나 장식은 없다.
 이외에 부속품으로 칼자루 장신구, 칼집부속구, 칼끝 장신구 등과 기타 파편들이 있다. 칼자루 장신구는 평면이 은행알처럼 생긴 타원형 장신구이다. 둘레에는 평행선무늬가 연속해서 새겨져 있다.
 칼집부속구는 청동으로 된 타원형 고리로, 목재 칼집을 보강하고 장식하기 위해 사용된 것으로 생각된다. 칼끝 장신구는 길이 3.75㎝, 밑변길이 2.9㎝로 나무로 된 칼집의 끝에 장식한 것이다. 그 외에 칼자루로 생각되는 파편 1점이 있다.
 이 동검은 칼과 손잡이 칼끝장식이 별개로 만들어진 점으로 보아 남부지방에서 제작된 것으로 보인다.","서울 용산구 이태원로55길 60-16, 삼성미술관 리움 (한남동)",,,kor,,,,G706+CHAB21-B.chaCpInfo.0000000083,
303,구 서울역사(舊 서울驛舍),,누리집,2021-02-23 01:48:42,문화재정보,,사적,1925년,"1922∼1925년에 지어진 지하 1층, 지상 2층의 석재가 혼합된 벽돌식 역 건물이다. 1층은 르네상스 궁전건축 기법으로 처리하고, 1층 윗부분과 2층은 붉은 벽돌로 쌓고, 부분적으로 화강석을 장식하여 마감하였다.
 현재 이 건물은 여객전용 건물로 사용되고 있으며, 우리나라에서 가장 오래된 철도 건물이라는 점에서 건축사적 가치가 크다.",서울 중구 청파로 426 (봉래동2가),,,kor,,,,G706+CHAB21-B.chaCpInfo.0000002928,
304,백자 청화운룡문 항아리(白磁 靑畵雲龍文 立壺),,누리집,2021-02-23 01:48:42,문화재정보,,보물,,"조선시대 만들어진 높이 35.5㎝, 아가리 지름 14.7㎝, 밑지름 14.7㎝의 전형적인 항아리로, 수직으로 낮게 선 아가리에서 서서히 팽창되어 어깨부분에서 가장 넓어 졌다가 다시 서서히 좁아져, 밑둥부분에서 살짝 벌어진 형태를 하고있다. 
몸통 3곳에 커다란 꽃무늬 모양의 창(窓)을 만들고, 각각의 창 안에는 구름 속에서 용이 여의주를 가지고 노는 모습을 푸른색 안료로 그렸다. 용의 눈동자에는 검은색 점을 찍어 화룡점정의 효과를 냈으며, 푸른색은 흐려서 회청색에 가깝다. 유약은 잘 녹아 투명하고 광택이 있으며, 표면은 회백색을 띠고 빙렬이 그물처럼 나 있다. 
다른 문양은 없이 커다란 창 속에 용만 그려 넣은 것이 특이하며, 문양 구성이나 병 모양, 유약색으로 보아, 18세기 후반 경기도 광주에서 만들어진 것으로 짐작된다.","서울 용산구 이태원로55길 60-16, 삼성미술관 리움 (한남동)",,,kor,,,,G706+CHAB21-B.chaCpInfo.0000000858,
305,동래선생교정북사상절 권6(東萊先生校正北史詳節 卷六),,누리집,2021-02-23 01:48:42,문화재정보,,국보,조선 태종 연간,"이 책은 송나라 여조겸의 교편(校編)이며, 조선 태종 3년(1403)에 주조한 동활자인 계미자를 사용하여 태종년간에 간행한 것이다. 계미자는 고려와 조선시대의 글자주조술과 조판술의 발달사연구에 귀중한 자료인데 사용했던 기간이 짧아 전해지는 본이 희귀하다.
 구성을 보면 1책으로 1∼32장으로 구성되었으나 31장이 결락되어 31장만 남아있다. 책의 상태를 보면 습기로 인해 표지가 퇴색했으며, 문자가 보이지 않는 곳도 있다. 책의 앞뒤에 염황색 표지를 대어 염청색의 면으로 보강하였다. 이 책은 권4, 5에 비해 보관상태가 양호한 편이다.
 계미자를 사용한 다른 유물들보다 인쇄상태가 정교하고 선명하다. 이 책은 계미자를 이용하여 간행되었다는 점과 고려, 조선시대 활자체를 연구하는데 중요한 자료로 평가되고 있다.",서울 중구 세종대로21길 22 (태평로1가),,,kor,,,,G706+CHAB21-B.chaCpInfo.0000000098,
332,봉래유묵(蓬萊遺墨),,누리집,2021-02-23 01:48:42,문화재정보,,보물,16세기,"이 서첩은 봉래 양사언(蓬萊 楊士彦, 1517-1684)의 친필로 된 시문을 모아 엮은 것으로 허강(許강)의 ·서호별곡(西湖別曲)·을 옮겨 쓰고, 자신의 자작시와 국한문 시가를 필서하였다. 양사언은 조선 중기의 문인이자 서예가로 특히 해서와 초서에 능하여 안평대군(安平大君), 김구(金絿) , 한호(韓濩)와 함께 조선 전기 4대 서예가로 불렸다.
이 서첩은 양사언의 시문집인 ·봉래시집(蓬萊詩集)·에 수록되어 있지 않은 한시(漢詩)도 10여 수나 있고, 광초풍(狂草風)의 글씨로 유명한 양사언의 일반적인 평상 글씨를 잘 보여주는 작품으로서 특히 한글과 한자가 혼용되어 구사된 점이 매우 독특하다. 매우 드문 양사언의 서예 작품 중 하나로 서첩에 실려 있는 양사언의 자작 시문은 한문학 연구의 귀중한 자료가 된다. 또한 16세기의 한글 한문 혼용의 희귀한 기준 사료가 된다는 점에서도 매우 중요한 자료이다.","서울 서대문구 연세로 50, 연세대학교중앙도서관 (신촌동,연세대학교)",,,kor,,,,G706+CHAB21-B.chaCpInfo.0000001049,
357,백자 달항아리(白磁 壺),,누리집,2021-02-23 01:48:42,문화재정보,,보물,,"백자 달항아리는 높이에 비해 몸통이 약간 벌어져 보이는 둥근 구형이지만, 입지름에 비해 굽 지름이 80% 정도 작지만 전체적인 비례는 단정하고 안정적이다. 입과 굽의 높이도 서로 적당하여 잘 어울리며, 몸통의 접합부가 비교적 완전하여 부분적인 쳐짐이나 비틀림도 거의 없다. 
 유태(釉胎)는 비교적 안정적이며 유약의 두께는 얇지만 태토에 완전하게 융착(融着)되어 있고 맑은 황갈색을 아주 엷게 띠는 투명유(透明釉)이다. 입술부분(口緣部) 일부를 수리하였지만, 전체적인 보존 상태가 매우 양호하다.","서울 용산구 서빙고로 137, 국립중앙박물관 (용산동5가,임향한의원)",,,kor,,,,G706+CHAB21-B.chaCpInfo.0000000999,
360,청자 주전자(靑磁 注子),,누리집,2021-02-23 01:48:42,문화재정보,,보물,11~12세기,"이 청자 주전자는 고려시대 청동주자의 형태를 모델로 제작한 작품으로 유약과 태토, 굽받침 기법에서 고려청자 초기의 특징을 잘 보여주고 있다. 이와 유사한 작품이 일부 있지만 주전자로서 최고의 상태를 보이고 있으며 전체적으로 그 형태 및 제작이 뛰어나다.","서울 관악구 남부순환로152길 53, 호림박물관 (신림동,호림박물관)",,,kor,,,,G706+CHAB21-B.chaCpInfo.0000001009,
363,궁장(弓匠),,누리집,2021-02-23 01:48:42,문화재정보,,시도무형,,"궁(弓)은 활을 말하는 것으로써, 선사시대부터 전투용으로 사용되던 활을 전통적으로 제작할 수 있는 기술과 그 기능을 가진 사람을 궁장이라고 한다. 
 선사시대에 사용되었던 돌로 된 화살촉이 우리나라 전역에 걸쳐 발견되고 있으며, 기록에 의하면 삼국 이전의 부족국가였던 부여, 옥저, 마한, 진한, 변한 등에서 활을 많이 사용하였다고 한다. 활을 만드는데는 약 80일이 걸리며 재료로는 느티나무, 뽕나무, 버드나무와 소뿔을 쓰는데 시기와 재료에 따라 차이가 있다.
 궁장은 전통적인 공예기술로서 기능보유자로 권무석씨가 전통 활의 명산지인 경북 예천에서 대를 이어 활을 제작해 그 맥을 이어가고 있다.",서울 도봉구 창1동 664-24번지,,,kor,,,,G706+CHAB21-B.chaCpInfo.0000008765,
367,서울 세종 영릉 신도비(서울 世宗 英陵 神道碑),,누리집,2021-02-23 01:48:42,문화재정보,,보물,1452년(문종 2),"‘서울 세종 영릉 신도비(서울 世宗英陵神道碑)’는 1452년(문종 2)에 세운 것이다. 
세종 영릉 신도비는 조선시대 문화의 기틀을 마련하고 국기를 튼튼히 다졌던 제4대 임금 세종의 생애와 업적을 영원히 기리기 위해 그의 일대기를 담아 세운 비이다.
세종의 훈민정음 창제에 크게 공헌했던 문신 정인지(鄭麟趾, 1396~1478년)가 글을 짓고, 세종대왕의 셋째 아들로 당대의 대표적 서예가였던 안평대군 이용(李瑢, 1418~1453년)이 글씨를 썼다. 비록 비신의 표면이 심하게 부식·박락되어 금석문의 내용을 거의 알아볼 수 없는 상태이지만 “···겸성균관대사성 신 정인(兼成均館大司成臣鄭麟)···”과 “···신 용 봉교서(臣瑢奉敎書)···”와 같은 중요한 부분이 남아 있는 것만으로도 가치가 높다고 할 수 있다.
또한 비신과 한 몸으로 제작된 이수(？首)는 원형을 거의 간직하고 있어, 조선 초기 왕의 신도비를 비롯하여 조선시대에 세워진 많은 신도비를 연구하는 데 중요한 자료가 될 수 있다.",서울특별시 동대문구 회기로 56-,,,kor,,,,G706+CHAB21-B.chaCpInfo.0000001116,
371,조선팔도고금총람도(朝鮮八道古今總攬圖),,누리집,2021-02-23 01:48:42,문화재정보,,보물,1673년,"이 지도는 목판본 조선전도로 조선시대 우리나라의 각 지역에 대한 역사적인 기록을 수록하여 고금(古今)을 함께 볼 수 있도록 한 지도이다. 지도의 제작자인 김수홍(金壽弘, 1602-1681)은 병자호란 때 강화성에서 순절한 김상용의 손자이며 호조참판을 지냈고, 현종 7년(1666)에는 「천하고금대총편람도」를 목판으로 간행하였다. 지도 좌측에 쓰여 있는 발문의 말미에 ‘계축맹하(癸丑孟夏)’라는 기록으로 보아 제작연대는 1673년(현종 14)임을 보여준다. 
우리나라의 모습은 조선전기의 전형적인 구도를 취하고 있으며, 압록강과 두만강이 동시 일직선상에 있고 평안도와 함경도가 남북으로 심하게 압축된 모양을 하고 있다. 서울의 도성이 축척과 관계없이 크게 그려져 있고, 경복궁이 표시되어 있으며 광화문 앞에는 의정부와 육조가 표시되어 있고 현재 조선호텔 자리에 있던 南別宮 등도 기재되어 있다. 이 지도는 조선 전도에 역사적인 기록을 첨가함으로써 간본으로 제작된 것이다. 지도 발달의 새로운 영역을 개척한데 의미가 있으며 고지도 중 드물게 제작연대와 제작자가 정확하게 알려져 있어 학술적·역사적 가치가 크다.","서울 종로구 새문안로 55, 서울역사박물관 (신문로2가,서울역사박물관)",,,kor,,,,G706+CHAB21-B.chaCpInfo.0000001072,
375,혜화동 김상협 가옥(惠化洞 金相浹 家屋),,누리집,2021-02-23 01:48:42,문화재정보,,시도민속문화재,,"전 국무총리 김상협의 집으로 1930년경에 지은 건물이며, 안채, 중문채, 사랑채, 별채로 구성되어 있다. 1930년대 후반 도시형 한옥의 특징을 잘 간직하고 있는 건물로 높은 대지에 축대를 쌓고 대문에 이르는 돌계단을 만든 것과 사랑채의 옆면에 사랑채 출입의 현판을 둔 점 등은 이 시대의 도시형 주택에서 보이는 수법의 하나이다.
 이 시대 집터 형성과 한옥의 특징을 두루 갖추고 있어 조선 후기 전통 한옥의 변천사를 비교할 수 있는 건물이다.",서울 종로구 혜화로6길 63 (혜화동),,,kor,,,,G706+CHAB21-B.chaCpInfo.0000011290,
383,호남지도(湖南地圖),,누리집,2021-02-23 01:48:42,문화재정보,,보물,18세기,"전라도 각 군현의 지도들을 모아 놓은 지도첩으로, 채식필사본이다. 지도 제작 시기는 남원(南原)의 명칭 대신에 ‘일신(一新)’이 등장하고 것을 통해 유추할 수 있다. ‘일신’은 1739년(영조 15)부터 1750년(영조 26)까지 남원의 읍호가 강등되었을 때 잠시 사용되던 명칭이므로, 본 지도첩의 제작 시기는 1739년부터 1750년 사이로 추정해 볼 수 있다.
본 지도첩은 총 7책으로 구성되어 있다. 제1책부터 제6책까지는 제주·대정·정의 등 제주도 지역 3개 군현을 제외한 전라도 53개 군현의 지도가 수록되어 있고, 제7책에는「전라도전도」·「전라좌도지도」·「전라우도지도」등이 실려 있다. 제1책의「나주지도」, 제3책의「무주부지도」, 제6책의「광주지도」, 제7책의「전라도전도」뒷부분 등에 ‘비변사(備邊司)’라는 도장이 찍혀 있어, 비변사에서 보관·사용되던 지도였음을 알 수 있다. 각 지도의 여백 주기(註記)에는 서울 및 감영과의 거리, 민호(民戶), 인구, 전결(田結), 세곡(稅穀) 등의 기초적인 정보들이 기록되어 있다. 중앙정부에서 지방의 실정 파악을 위해 일괄적으로 제작한 비변사 지도로서의 역사적·학술적 가치가 높다.","서울 관악구 관악로 1,103호 동 서울대학교 규장각한국학연구원 (신림동,서울대학교)",,,kor,,,,G706+CHAB21-B.chaCpInfo.0000001062,
387,서울 헌릉과 인릉(서울 獻陵과 仁陵),,누리집,2021-02-23 01:48:42,문화재정보,,사적,조선 세종 2년(1420),"헌릉은 조선 3대 태종(재위 1400∼1418)과 원경왕후 민씨(1365∼1420)의 무덤이다.
 태조 이성계의 다섯번째 아들로서 아버지를 도와 조선왕조를 세웠다. 1·2차 왕자의 난을 진압하고 정종 2년(1400)에 왕위를 물려받았다. 토지와 조세제도를 정비하고 군사제도도 개혁하였으며, 유교를 숭상하고 불교를 억압하는 등 국정전반에 대한 개혁을 단행하여, 조선 초기의 민생안정을 이룩하였다. 태종의 부인인 원경왕후 민씨는 여흥부원군 민제의 딸이며, 태종이 왕위에 오르기까지 큰 힘이 되었다.
 헌릉은 쌍릉으로 무덤 아랫부분이 병풍석으로 둘러있으며, 무덤의 형식은 태조의 건원릉을 따랐다. 각 무덤에 12칸의 난간석을 둘러서 서로 연결하였고 무덤 앞에는 양석과 호석·문인석·마석을 배치하였다. 무덤 앞의 석물은 고려시대의 현릉·정릉, 조선시대의 후릉과 같이 망주석을 제외하고는 각각 하나씩을 더 갖추었다. 언덕 아래에는 정자각이 있고 비각을 세웠다. 세종 2년(1420)에 원경왕후가 죽음으로써 무덤지역을 정하였고, 유교를 숭상하는 정책에 따라 왕릉과 왕비릉을 나란히 하였다.
 인릉은 23대 순조대왕(재위 1800∼1834)과 순원왕후 김씨(1789∼1857)의 무덤이다. 순조는 11세에 왕위에 올랐으나 나이가 어려서 왕대비인 정순왕후 김씨에게 정치를 돌보게 됨으로써 외척에 의한 정치가 극에 달하였고, 사회가 혼란했다.
 인릉은 무덤에 병풍석을 세우지 않았고, 12칸의 난간석을 둘렀으며 양석과 마석·상석·망주석을 세웠다. 문·무인석의 조각은 사실주의적으로 섬세하고 아름답다. 언덕 아래에는 2개의 비석을 세웠다.
 원래 제사를 지내는 건물인 재실은 무덤과 같은 지역에 있는데 헌릉·인릉의 재실은 서로 떨어져 있다.

※(헌릉·인릉 → 서울 헌릉과 인릉)으로 명칭변경 되었습니다. (2011.07.28 고시)",서울 서초구 헌인릉길 42(산13-1),,,kor,,,,G706+CHAB21-B.chaCpInfo.0000002897,
390,봉화산도당굿(봉화산도당굿),,누리집,2021-02-23 01:48:42,문화재정보,,시도무형,,"봉화산 도당굿은 400여년 동안 주민의 안녕과 결속을 위하고 대동의식을 고취시켜 온 서울의 마을굿으로, 서울시 중랑구 신내동 산 141번지에 위치한 봉화산의 도당에서 음력 3월 3일(삼짇날)에 지내는 마을굿이다.
봉화산 도당굿은 처음에 중화동, 상봉동, 신내동이 함께 힘을 합쳐 지내오다가 근래에는 마을을 나누어 한 해는 신내동이 다음 해에는 중화동과 상봉동이 도당굿을 주관해 오다가 최근부터 중랑문화원의 봉화산도당제 보존위원회를 중심으로 매년 개최되고 있다.",서울 중랑구 면목4동,,,kor,,,,G706+CHAB21-B.chaCpInfo.0000008776,
407,청구관해방총도(靑丘關海方摠圖),,누리집,2021-02-23 01:48:42,문화재정보,,보물,,"청구(靑丘)는 조선의 이칭 중의 하나로서 조선의 관방과 해방을 한눈에 볼 수 있도록 그린 대형지도다. 관방은 주로 청나라, 해방은 주로 일본과의 관계 속에서 이루어지는 것이기 때문에 조선뿐만 아니라 만주와 일본을 포괄하여 그린 지도다. 지도의 제작 연대는 1776년에 개명되는 평안도의 초산과 충청도의 니산이 표시되어 있어 그 이후로 추정된다.
조선 부분은 정상기의 《동국지도》원본 계통을 바탕으로 그렸다. 그러나 《동국지도》 그대로는 아니며, 동서가 아니라 남북을 좌우로 향해 그렸다. 또한 동서보다는 남북을 실제보다 훨씬 길게 그렸으며, 京都 등 중요 지점은 축척을 달리하여 크게 그렸다. 이런 형식의 지도는 거리와 방향의 정확성보다는 관방과 해방을 한눈에 잘 볼 수 있도록 그렸기 때문에 나타난 것이다. 지도의 제작 수준이 높고 보관 상태도 양호하며 동일 계통의 지도 중 가장 우수한 편에 속한다.","서울 용산구 서빙고로 137, 국립중앙박물관 (용산동5가,임향한의원)",,,kor,,,,G706+CHAB21-B.chaCpInfo.0000001056,
416,서울 조계사 백송(서울 曹溪寺 백송),,누리집,2021-02-23 01:48:42,문화재정보,,천연기념물,,"백송은 나무껍질이 넓은 조각으로 벗겨져서 흰빛이 되므로 백송 또는 백골송(白骨松)이라고도 한다. 중국이 원산지로서 조선시대에 중국을 왕래하던 사신들이 가져다 심은 것이다.   
조계사 백송의 나이는 약 500살 정도로 추정되며, 높이 14m, 뿌리부분 둘레 1.85m이다. 조계사 뜰 안 대웅전 옆 가까이 서 있고, 대웅전 쪽으로 뻗은 가지만 살아있다. 나무의 한쪽은 사람들이 오가는 통로에 바로 접해있고, 다른 한쪽은 건물에 인접해 있어서 나무가 자랄 수 있는 공간이 부족하고 생육상태도 좋지 않은 편이다.
 백송은 흔히 볼 수 없는 희귀한 소나무이고, 오랜 세월동안 조상들의 관심과 보살핌 가운데 살아온 나무이며, 생물학적 자료로서도 가치가 높아 천연기념물로 지정·보호하고 있다.",서울 종로구 우정국로 55 (수송동),,,kor,,,,G706+CHAB21-B.chaCpInfo.0000003529,
424,양휘산법(楊輝算法),,누리집,2021-02-23 01:48:43,문화재정보,,보물,1443년(세종15)경,"『양휘산법』은 남송의 양휘가 저술한 수학서적으로『승제통변산보』3권,『속고적기산법』2권 및『전무비류승제첩법』2권 등 모두 7권 1책으로 되어 있다.
내용은 곱셈의 기본규칙과 곱셈 계산과 나눗셈의 계산법과 그리고 마방진(魔方陣, 자연수를 정사각형의 모양으로 나열해 가로·세로·대각선의 합이 모두 같아지는 것) 및 농지 측량법 등을 다루었다.
『경국대전』에는 산학(算學)의 고시과목에『상명산』,『양휘산』,『계몽산』으로 되어 있으므로 이 책은 조선시대 산학의 기본 서적으로 쓰였다. 각 저작의 첫머리에는 ‘홍무무오(1378, 고려 우왕4)동지근덕서당신간(洪武戊午冬至勤德書堂新刊’이라는 원간기가 있다. 번각한 중국 원본의 1378년이라는 간행연대와 근덕서당(勤德書堂)이라는 간행소를 알 수 있다.
우리나라에서『양휘산법』이 처음 간행된 기록은『세종실록』에 보인다. 1433년(세종 15)8월 25일에 ‘경상도 감사가 새로 인쇄한 송나라의『양휘산법』1백 건을 진상하므로, 집현전과 호조와 서운관의 습산국(習算局)에 나누어 하사하였다’고 한다.
이 책은 중국본을 저본으로 하여 1433년(세종 15)이전에 번각한 판에서 후인한 판본으로 추정된다. 중국의 원간기와 간행소가 명시되어 있는 등 중국본의 서지학적 특징이 잘 남아있다. 조선시대의 산학(算學)전문인의 선발을 위한 필수 과목이어서 조선시대 과학사, 특히 수학교육사 및 서지학 연구에 중요한 자료가 된다. 조선시대 산학(算學)의 기본서로 국내에 전하는『양휘산법』중 가장 오래된 목판본일 뿐만 아니라 현재까지 알려진 것 중 최고본(最古本)에 해당하는 판본이다.",서울 서초구 반포1동 -0 반포리체아파트 103동 3102호,,,kor,,,,G706+CHAB21-B.chaCpInfo.0000001099,
427,창덕궁 대조전(昌德宮 大造殿),,누리집,2021-02-23 01:48:43,문화재정보,,보물,조선 고종 4년(1867),"대조전은 왕비가 거처하는 내전 중 가장 으뜸가는 건물이다. 이 건물에서 조선 제9대 왕인 성종을 비롯하여 인조·효종이 죽었고, 순조의 세자로 뒤에 왕으로 추존된 익종이 태어나기도 하였다.
 조선 태종 5년(1405)에 지었는데 임진왜란 때를 비롯하여 그 뒤로도 여러 차례 불이 나서 다시 지었다. 1917년 또 화재를 당하여 불에 탄 것을 1920년에 경복궁의 교태전을 헐고 그 부재로 이곳에 옮겨지어 ‘대조전’이란 현판을 걸고 오늘에 이르고 있다. 수차례에 걸쳐 다시 지었기 때문에, 건물 자체는 물론 주변의 부속 건물들도 많은 변화를 거쳤다.
 대조전은 현재 36칸으로 앞면 9칸·옆면 4칸이며, 지붕은 옆면에서 볼 때 여덟 팔(八)자 모양을 한 팔작지붕이다. 건물 가운데 3칸은 거실로 삼았으며, 거실의 동·서쪽으로 왕과 왕비의 침실을 두었다. 각 침실의 옆면과 뒷면에는 작은 방을 두어 시중 드는 사람들의 처소로 삼았다. 건물 안쪽에는 서양식 쪽마루와 유리창, 가구 등을 구비하여 현대적인 실내 장식을 보이고 있다.","서울 종로구 율곡로 99, 창덕궁 (와룡동)",,,kor,,,,G706+CHAB21-B.chaCpInfo.0000000731,
428,청자 상감‘덕천’명 연화양류문 매병(靑磁 象嵌'德泉'銘 蓮花楊柳文 梅甁),,누리집,2021-02-23 01:48:43,문화재정보,,보물,14세기,"「덕천(德泉)」명(銘) 청자는 여러 예가 있지만 이 매병의 경우와 같이 입체적인 기형에 문양 및 유태 등 상태가 양호한 것은 드문 편이다. 특히 변형된 여의두문대(如意頭文帶)와 파초연화문, 유문(柳文)의 형태가 고려상감청자의 기본형에서 크게 벗어나지 않아서 15세기 분청사기와 구분되는 예로 볼 수 있다. 상감청자에서 분청으로 변천하는 과정에서 중요한 기준으로 삼을만한 자료로서 가치가 크다.","서울 관악구 남부순환로152길 53, 호림박물관 (신림동,호림박물관)",,,kor,,,,G706+CHAB21-B.chaCpInfo.0000001008,
430,전 영암 거푸집 일괄(傳 靈巖 鎔范一括),,누리집,2021-02-23 01:48:43,문화재정보,,국보,청동시대 후기,"용범은 동(銅)으로 된 도구를 만들기 위해 필요한 틀로서 거푸집, 주형이라고 한다.
 우리 나라에서는 돌로 된 거푸집이 주로 사용되었다. 숭실대학교에 소장되어 있는 이 거푸집은 활석으로 만든 것으로 광복 후 전라남도 영암군에서 발굴된 것으로 전해지고 있다.
 1) 세형동검용범일조(細形銅劍鎔范一組)
 두 쪽을 합쳐 사용하게 되었으며, 한 쪽의 크기가 34.5㎝×7.4㎝×4㎝이다. 이 거푸집에서 만들 수 있는 동검의 길이는 33㎝이다. 많이 사용하여 돌이 까맣게 타 있고 부분적으로 떨어진 곳도 있다.
 2) 세형동검·동과용범일조(細形銅劍·銅戈鎔범一組)
 두 쪽으로 되어 마주 조립하여 사용하도록 되어 있으며 한 면은 세형동검을, 다른 한 면은 꺽창<동과(ㄱ자 모양의 무기)>를 주조하게 만들었다. 한 쪽의 크기는 35.5㎝×8.8㎝×4.1㎝이다. 많이 사용하여 검, 꺽창부분 모두가 까맣게 타 있다.
 3) 동부·동착용범일조(銅斧·銅鑿鎔범一組)
 역시 두 쪽을 마주 조합하여 사용하게 되어 있는데 한 면은 원형날의 도끼(동부)를, 한 면은 자귀(소동부)와 끌(착) 2개를 동시에 주조하도록 만들었다. 도끼의 둥근 날에는 고리를 붙였으며, 자귀와 끌은 공구였다.
 4) 동부(銅斧)·낚시바늘 용범(鎔범)
 역시 두 쪽으로 되어 있는데 칼날이 부채꼴인 도끼(선형동부)를 만드는 거푸집이다. 한쪽 면 옆에다 바늘과 낚시바늘 거푸집을 만들었다. 그러나 바늘과 낚시 바늘 거푸집은 전혀 그 부위가 타 있지 않아 사용하지 않은 것 같다. 도끼는 역시 까맣게 타있다.
 5) 동부용범(銅斧鎔범)
 두 쪽으로 되어 있는 작은 도끼 거푸집으로 많이 사용되었다. 크기는 11.93㎝×7.05㎝×2.17㎝이다. 한쪽 거푸집의 뒷면에는 쌍 낚시바늘과 외 낚시바늘 두개를 만들었다. 다른 거푸집의 뒷면에는 잔무늬거울 거푸집을 만들다 중지하였다. 세문경을 만들다 실패하고 이를 이용해 동부를 만든 듯하다. 낚시틀은 사용한 흔적이 없다.
 6) 동부·동착용범(銅斧·銅鑿鎔범)
 역시 두쪽으로 되어 있는데 한면은 자귀를, 한면은 끌 2개를 만들었다. 끌 거푸집 양쪽에는 바늘 거푸집을 한 개씩 붙여 만들었다.
 7) 동모·동검용범(銅牟·銅劍鎔범)
 한 쪽만 있다. 한 면은 투겁창(동모), 다른 면은 세형동검 거푸집을 만들었다. 크기는 20.2㎝×7.45㎝×2.43㎝이다.
 8) 동사·동검용범(銅사·銅劍鎔범)
 한 면에 세형동검을, 다른 한 면에는 청동창(동사)과 침 거푸집을 만든 것인데 깨진 파편으로 많이 사용했다.","서울 동작구 상도로 369, 한국기독교박물관 (상도동,숭실대학교)",,,kor,,,,G706+CHAB21-B.chaCpInfo.0000000151,
436,서울 고종 어극 40년 칭경기념비(서울 高宗 御極 40年 稱慶紀念碑),,누리집,2021-02-23 01:48:43,문화재정보,,사적,,"고종(재위 1863∼1907)이 왕이 된지 40주년과 그의 나이 51세에 기로소에 들어 간 것을 기념하기 위해 세운 비석으로 비를 보호하는 비전(碑殿)안에 있다. 또한 이 비석에는 고종이 처음으로 나라 이름을 대한제국으로 고치고 황제의 칭호를 사용한 것을 기념하는 의미도 담겨 있다.
 기로소(耆老所)는 정2품 이상의 문관 중 70세 이상 된 사람을 우대하는 제도로, 고려 때의 기영회를 계승한 관제이다. 조선 태조가 60세 되던 해에 친히 기영회에 들어갔는데, 이후 왕들이 오래살지 못해 기로소에 들어가는 이가 없자, 숙종과 영조 등이 60세를 바라보는 나이라 하여 미리 앞당겨 들어간 것을 본받아 고종은 신하들의 건의에 따라 51세에 들어가게 되었다.
 비석은 귀부, 비몸, 이수로 구성되어 있는데, 비몸 앞면에는 황태자인 순종의 글씨가 있으며, 비문은 윤용선이 짓고 민병석이 썼다. 비를 보호하기 위한 건물은 앞면 3칸·옆면 3칸의 정자(停子)형 건물로 건물 기단 둘레에 돌난간을 설치하였다. 이 건물의 남쪽에 설치한 문은 돌기둥을 세우고 철문을 달았는데, 문의 가운데칸에는 무지개 모양의 돌을 얹어 ‘만세문’이라는 이름을 새겨 넣었다. 이 문은 일제시대 일본인이 떼어 가서 대문으로 사용하던 것을 광복 이후 찾아와 복원한 것이다. 
 비를 보호하고 있는 비전은 20세기초 전통적인 건축양식의 틀이 해체되기 직전에 세워진 건물로 당시 이러한 유형의 건물 중 대단히 아름다운 건물이며, 이 시기에 세워진 덕수궁의 다른 여러 건물과 함께 중요한 연구자료가 된다.",서울 종로구 세종로 142-3번지,,,kor,,,,G706+CHAB21-B.chaCpInfo.0000002896,
443,십칠사찬고금통요 권16(十七史纂古今通要 卷十六),,누리집,2021-02-23 01:48:43,문화재정보,,국보,조선 태종 연간(1412년경),"송나라 말~원나라 초에 활동했던 학자 호정방(胡庭芳)이 『사기(史記)』, 『한서(漢書)』로부터 오대(五代)에 이르기까지 중국 역대의 17정사(正史)에서 중요한 역사적 사실들을 선별·요약하고 자신의 논평을 덧붙여 편찬한 책이다. 
규장각 소장본은 『 당서(唐書)』 부분인 권16의 1책만 남아 있는 영본(零本)으로, 1403년(태종 3)에 주조한 계미자(癸未字)로 간행하였다. 1412년(태종 12)경에 인쇄, 발행된 것으로 추정된다. 본서의 크기는 가로 18.7㎝, 세로 25.6㎝이다. 원래는 37장으로 구성되었으나 현재는 26장·27장·28장이 빠져 있으며, 종이의 마모가 심하여 군데군데 글자가 보이지 않는 곳도 있다. 또 원표지도 손상이 심하여 원표지 위에 황색포 표지를 입히고 붉은 면으로 보강하였다. 
본서가 간행된 조선초기에는 인쇄 기술이 초기적 단계를 벗어나지 못해 하루 인쇄량이 겨우 몇 장에 지나지 않았다. 그런 사정 아래에서 주조된 조선 최초의 동활자인 계미자로 인쇄되었다는 점에서 본서는 그 가치가 상당히 크며, 고려와 조선초기 활자주조술과 인쇄조판술 발달사 연구에 있어서 매우 귀중한 자료로 인정받고 있다.","서울 관악구 관악로 1,103호 동 서울대학교 규장각한국학연구원 (신림동,서울대학교)",,,kor,,,,G706+CHAB21-B.chaCpInfo.0000000095,
444,아차산성(阿且山城),,누리집,2021-02-23 01:48:43,문화재정보,,사적,삼국시대,"서울시 광진구 아차산(해발 285m)일대에 있는 삼국시대 산성이다.
 성 전체 길이는 1,125m이며, 성벽의 높이는 평균 10m 정도이다. 동·서·남쪽에 문이 있던 흔적과 물길이 남아있고, 문 앞을 가려 보호하는 곡성이 남아있다. 그 밖에 여러 건물터가 남아있는데, 많은 토기와 기와조각이 수습되었다.
 아차산성에는 2가지 슬픈 역사가 전해온다. 하나는 백제의 수도 한산이 고구려에 함락되었을 때 개로왕이 성 아래에서 죽임을 당했으며, 다른 하나는 고구려 평원왕의 사위인 온달장군이 죽령 이북의 잃어버린 땅을 찾기 위하여 신라군과 싸우다가 이 성 아래에서 죽었다는 것으로, 이러한 전설을 간직한 온달샘이 성안에 있다.
 1997년 아차산성 보루에 대한 발굴조사를 실시한 결과 100여점의 토기류와 30여점의 철기류, 100여점의 철제 무기류를 비롯한 수 많은 유물들이 나왔는데, 주로 고구려 계통의 토기들이 보이고 있어 고구려와 깊은 관계가 있음을 알 수 있게 되었다.
 백제의 옛 도읍지에 있는 아차산성은 누가 쌓았는지에 대해 아직 논란이 있지만 삼국이 한강유역을 차지하기 위해 치열한 싸움을 벌였던 역사의 현장으로 그 의의가 있다.

설명자료(전문)
 서울특별시 광진구 광장동에 있는 삼국 시대의 석축 산성으로 둘레 약 1,125m이다. 아차산(阿且山: 아차산(峨嵯山))의 남쪽으로 경사진 산허리의 윗부분을 둘러쌓은 테뫼식산성으로 현재 동·서·남쪽에 문지와 수구터가 있고, 북쪽과 서쪽·동쪽 등의 회절(回折)하는 곳마다에 곡성(曲城) 겸 망루터가 있다. 일명 아단성 (阿旦城) 또는 아차산성(阿且山城)·장한성(長漢城)·광장성(廣壯城)으로도 불린다.
 축성 연대는 백제가 한강 유역에 도읍하였을 때 고구려의 남진에 대비하여 쌓았다는 견해가 있다. 산성은 표고 205m의 산꼭대기에서 시작하여 동남의 한강변 쪽으로 경사진 산허리의 윗부분을 둘러쌓았는데 규모가 매우 커 성내에 작은 계곡이 있다.
 성벽의 구조는 기복적으로 삭토법(削土法)에 의하여 대체의 형태를 축조한 뒤 그 뒷부분을 따라 돌아가면서 성벽의 내외협축(內外夾築)으로 쌓았고, 성벽 바깥쪽의 아래는 다시 계단식의 경사가 완만한 보축을 돌리고 있다. 현재는 석축 부분이 무너져 토석혼축(土石混築)과 같은 외형을 이루고 있다.
 성벽의 높이는 밖에서 보면 평균 10m정도이지만 그보다 더 높은 곳도 있다. 내측에서는 1∼2m 내의 높이로 보이지만 흙속에 묻혀있는 성벽은 석축이 2∼4m의 수직으로 남아 있다. 수구(水口) 부근은 평탄해져서 내벽은 남아 있지 않으나, 기초 부분은 묻혀 있으리라 여겨진다. 성밖으로 강변 나루터에 이르기까지의 사이에는 좌우 양편의 지형을 이용, 삭토(削土) 혹은 판축(版築)하여 성벽을 연장하였던 흔적을 찾을 수 있으나, 지금은 주택들이 들어서서 그 원형을 잃게 되었다.
 특히 이 산성은 한강을 사이에 두고 맞은편 남쪽에 있는 풍납리토성(風納里土城)과 함께 백제 수도의 운명을 좌우하는 도하처(渡河處)를 수비하기 위하여 쌓은 중요한 성곽이었던 것으로 보인다. 이 산성은 삼국사기(三國史記)에 기록된 백제 시대의 유명한 아단성(阿旦城) 혹은 아차성(阿且城)으로 비정하고 있다. 한편, 백제(百濟)의 수도 한산(漢山)이 고구려(高句麗)에 함락되었을 때 개로왕(盖鹵王)이 이 성 아래에서 피살되었으며, 고구려(高句麗) 평원왕(平原王)의 사위 온달(溫達)이 죽령 이북의 실지(失地)회복을 위하여 출정하여 신라군(新羅軍)과 싸우다가 역시 이 성 아래에서 전사하였다는 역사적 전설이 성안의 샘을 온달샘이라하여 전해지고 있다.
 성안에서는 백제와 신라의 유물들이 많이 나오고 있어서, 신라가 한강 유역을 차지한 이후도 중요한 역할을 하였던 성터로 여겨지고 있다.",서울 광진구 광장동 산16-46번지,,,kor,,,,G706+CHAB21-B.chaCpInfo.0000002904,
449,선바위(선바위),,누리집,2021-02-23 01:48:43,문화재정보,,시도민속문화재,,"신성한 대상물이 되고 있는 바위로, 마치 중이 장삼-검은 베로 만들어진 품과 소매가 넓은 중의 웃옷-을 입고 있는 형상이라 하여 불교의 ‘선(禪)’자를 따서 이와같이 부르고 있다. 
 조선 태조 이성계가 한양에 도성을 쌓을 때 당시의 문신이었던 정도전과 왕사였던 무학대사가 이 바위를 성 안에 두느냐 성 밖에 두느냐로 크게 의견대립을 보였다는 일화가 전한다. 만일 이 바위를 성 안에 두면 불교가 왕성하여 유학에 조예가 깊은 문신들은 힘을 못쓰고, 성 밖에 두면 반대로 승려가 힘을 못쓰게 된다는 주장이었다. 결정을 못 내리고 다음날 아침이 되었는데 특이하게도 눈이 녹지 않은 자리가 있어 태조는 이것을 성터라고 생각하였고 결국 바위는 성 밖으로 밀려났다 한다. 
 사람의 모습을 하고있는 자연석으로서, 직접적인 신앙대상물은 아니지만 불력(佛力)을 지닌 존재처럼 신성시 되었던 점이 주목된다.",서울 종로구 통일로18가길 26 (무악동),,,kor,,,,G706+CHAB21-B.chaCpInfo.0000011266,
463,청자 음각‘상약국’명 운룡문 합(靑磁 陰刻‘尙藥局’銘 雲龍文 盒),,누리집,2021-02-23 01:48:43,문화재정보,,보물,고려시대,"고려시대 만들어진 높이 9.3㎝, 아가리 지름 7㎝, 밑지름 5.5㎝의 청자합이다. '상약국'이라는 명문을 통해서 약을 담는 용기로 사용된 것으로 여겨진다.
 뚜껑의 상단은 편평하며 밑으로 둥글게 층을 만들어 단을 이루었다. 맨 윗면에 구름과 용무늬인 운룡문이 음각되고, 바깥 측면의 뚜껑과 밑짝이 맞닿는 부분에는 각각 가로로 고려시대 의약을 담당하던 상약국이라는 글자가 새겨져 있다. 유약은 투명한 청자유를 시유하였고 가는 빙렬이 전면에 가득하다.
 상감기법이 일반화되기 이전의 작품인 듯 하지만, 뚜껑 윗면에 섬세하게 새겨진 운용문과 단정한 그릇의 형태, 투명한 유색이 훌륭한 작품이다.","서울 용산구 서빙고로 137, 국립중앙박물관 (용산동5가,임향한의원)",,,kor,,,,G706+CHAB21-B.chaCpInfo.0000000832,
469,서울 북한산 신라 진흥왕 순수비(서울 北漢山 新羅 眞興王 巡狩碑),,누리집,2021-02-23 01:48:43,문화재정보,,국보,신라 진흥왕 29년( 569),"신라 진흥왕(재위 540∼576)이 세운 순수척경비(巡狩拓境碑) 가운데 하나로, 한강유역을 영토로 편입한 뒤 왕이 이 지역을 방문한 것을 기념하기 위하여 세운 것이다. 원래는 북한산 비봉에 자리하고 있었으나 비(碑)를 보존하기 위하여 경복궁에 옮겨 놓았다가 현재는 국립중앙박물관에 보관되어 있다. 
 비의 형태는 직사각형의 다듬어진 돌을 사용하였으며, 자연암반 위에 2단의 층을 만들고 세웠다. 윗부분이 일부 없어졌는데, 현재 남아 있는 비몸의 크기는 높이 1.54m, 너비 69㎝이며, 비에 쓰여져 있는 글은 모두 12행으로 행마다 32자가 해서체로 새겨져 있다. 내용으로는 왕이 지방을 방문하는 목적과 비를 세우게 된 까닭 등이 기록되어 있는데, 대부분이 진흥왕의 영토확장을 찬양하는 내용으로 이루어져 있다.
 비의 건립연대는 비문에 새겨진 연호가 닳아 없어져 확실하지 않으나, 창녕 신라 진흥황 척경비(국보 33호)가 건립된 진흥왕 22년(561)과 황초령비가 세워진 진흥왕 29년(568) 사이에 세워졌거나 그 이후로 짐작하고 있다.
 조선 순조 16년(1816)에 추사 김정희가 발견하고 판독하여 세상에 알려졌으며, 비에 새겨진 당시의 역사적 사실 등은 삼국시대의 역사를 연구하는데 귀중한 자료가 되고 있다.","서울 용산구 서빙고로 137, 국립중앙박물관 (용산동6가)",,,kor,,,,G706+CHAB21-B.chaCpInfo.0000000003,
474,묘법연화경 권5~7(妙法蓮華經 卷五~七),,누리집,2021-02-23 01:48:43,문화재정보,,보물,조선 성종 19년(1488),"묘법연화경은 줄여서 ‘법화경’이라고 부르기도 하며, 부처가 되는 길이 누구에게나 열려있다는 것을 중요사상으로 하고 있다. 천태종의 근본경전으로 화엄경과 함께 우리나라 불교사상 확립에 크게 영향을 끼친 경전이다.  
 닥종이에 찍은 목판본으로 법화경 권5-7까지 3권을 1책으로 묶었으며, 크기는 세로 34.5㎝, 가로 22.3㎝이다. 책 끝에 있는 발문(跋文:책의 내용이나 펴내게 된 경위 등을 간략하게 적은 글)을 통해, 성종 19년(1488)에 성종의 계비인 정현왕후 딸인 순숙공주의 명복을 빌기 위하여 1470년에 이미 새긴 목판에서 찍어낸 것임을 알 수 있다.
『묘법연화경』권6, 7(보물 제936호)와 동일한 판본이며, 조선 전기 왕실의 불교 신앙을 살펴볼 수 있는 귀중한 자료이다.","서울 용산구 서빙고로 137, 국립중앙박물관 (용산동5가,임향한의원)",,,kor,,,,G706+CHAB21-B.chaCpInfo.0000000808,
479,송조표전총류 권7(宋朝表&#29259;總類 卷七),,누리집,2021-02-23 01:48:43,문화재정보,,국보,조선 태종 연간,"송나라의 명신(名臣)들이 황제에게 올린, 시정(施政)에 관한 각종 표문(表文)과 전문(&#29259;文) 중에서 뛰어난 것을 뽑아 편찬한 책으로, 편찬자는 미상이다. 
규장각 소장본은 1403년(태종 3) 주조된 조선 최초의 금속활자인 계미자(癸未字)로 간행한 것으로, 권7 부분만 남아 있는 영본(零本)이다. 본서의 크기는 가로 19㎝, 세로 29㎝이며, 모두 12장으로 구성되었다. 본문의 제10~12장은 일부가 손상되었고, 책의 뒤표지도 결락되었다. 책의 앞뒤에 종이를 1장씩 첨가한 후 진한 황색포 표지를 새로 입히고 붉은 면으로 보강하였다. 
계미자는 사용한 기간이 짧기 때문에 현재까지 전해지는 계미자 판본은 희귀하다. 따라서 본서는 고려와 조선초기의 활자주조술, 인쇄조판술사 및 활자체 연구에서 있어 매우 귀중한 자료이다.","서울 관악구 관악로 1,103호 동 서울대학교 규장각한국학연구원 (신림동,서울대학교)",,,kor,,,,G706+CHAB21-B.chaCpInfo.0000000099,
485,어의궁의은행나무(於義宮의은행나무),,누리집,2021-02-23 01:48:43,문화재정보,,천연기념물,,,서울 종로구 효자동 22-3번지,,,kor,,,,G706+CHAB21-B.chaCpInfo.0000003531,
508,김덕원묘 출토 의복 일괄-화문단이불(金德遠墓 出土 衣服 一括-畵紋緞이불),,누리집,2021-02-23 01:48:43,문화재정보,,보물,,"김덕원묘 출토 의복 일괄-화문단이불(金德遠墓 出土 衣服 一括-畵紋緞이불)은 조선후기의 문신인 김덕원(1634∼1704)의 묘에서 출토된 유품이다. 그는 효종 5년(1654) 진사, 현종 3년(1662) 문과에 급제하여 관직생활을 시작하였다. 그 후 형조판서, 예조판서를 거쳐 좌의정을 지냈으며 숙종 17년(1691)에는 영중추부사를 지냈다. 출토된 유물에는 운문단 상복 2점, 운문단 철릭 1점, 소색중치막 1점, 누비직령포 1점, 아자문주저고리 1점, 명주겹광포 1점, 명주유상 1점 등이 있다.
 상복이란 평소에 입는 옷이다. 출토된 유물은 구름무늬모양과 칠보(七寶)무늬로 만든 비단에 둥근 깃을 한 단령으로, 안에는 곧은 깃의 직령을 받쳐입게 되어 있다. 운문단 철릭은 구름모양과 칠보무늬의 어두운 갈색 천에 허리아래 양쪽이 트여있는 것이 특징이다. 철릭은 원래 단령 밑에 입는 받침옷으로, 다른 말로 첩리, 철릭이라고도 한다.
 중치막은 곧은 깃에 소매는 넓고 겨드랑이 아래 덧 댄 무가 없으며 옆트임이 겨드랑이부터 있는 옷이다. 소색중치막은 지금의 두루마기와 같은 흰색 명주의 남자용 겉옷으로 뒷중심이 트여있으며 소매가 넓다. 직령포는 녹색으로 깃이 직선이며 안에 솜을 두고 2㎝간격으로 누볐다. 아자문주저고리는 아(亞)자 무늬의 명주저고리이며, 명주겹광포는 무색 명주에 솜을 얇게 두고 누빈 바지이다. 이 밖에도 소색명주창의, 명주누비창의, 반수의 등이 있다.
 김덕원 장군의 묘에서 출토된 유물은 보존 상태가 좋고 매우 다양하여, 당시의 생활을 두루 살펴볼 수 있을 뿐만 아니라 복식사의 체계를 세우는데 중요한 자료가 된다.",서울 강서구 강서로16길 32 (화곡동),,,kor,,,,G706+CHAB21-B.chaCpInfo.0000000608,
509,청자 양각연화당초상감모란문 은테 발(靑磁 陽刻蓮花唐草象嵌牡丹文 銀&#37350; 鉢),,누리집,2021-02-23 01:48:43,문화재정보,,국보,,"고려시대에 만든 청자대접으로 아가리 언저리에 은테두리가 있으며, 크기는 높이 7.7㎝, 아가리 지름 18.7㎝, 밑 지름 6.3㎝이다.
 안쪽 면에는 연꽃 덩굴무늬를 도드라지게 찍고, 바깥 면에는 모란을 간략하게 상감하여 서로 다른 기법으로 내·외면에 문양을 장식하는 방식을 취했다.
 안쪽 면 중앙에는 원이 있고 그 안에 꽃무늬가 있으며 옆면에는 연꽃 덩굴이, 아가리 언저리에는 덩굴무늬 띠가 둘러져 있다. 바깥 면에는 중앙 세 곳에 모란무늬가 흑백상감 되어 있다. 유약은 약간 반투명한 담청색을 띤 회녹색이다.
 이 대접은 안쪽과 바깥 면에 서로 다른 기법으로 새기는 방식을 보여 주고 있는데, 이것은 상감청자가 본격적으로 유행하기 전에 한 면에만 상감기법을 사용한 순청자 양식과 상감청자와의 혼합양식을 보여주는 유일한 유물로 가치가 있다.","서울 용산구 서빙고로 137, 국립중앙박물관 (용산동5가,임향한의원)",,,kor,,,,G706+CHAB21-B.chaCpInfo.0000000164,
520,대구 선화당 측우대(大邱 宣化堂 測雨臺),,누리집,2021-02-23 01:48:43,문화재정보,,보물,조선 영조 46년(1770),"측우기는 땅 속에 스며들어 정확한 빗물의 양을 잴 수 없었던 그때까지의 부정확한 강우량 측정방법에서 벗어나 한층 발전하여, 빗물을 일정한 그릇에 받아 측정한 과학기기이다. 이러한 측우기를 올려 놓고 측정하던 대(臺)는 측우기의 존재를 확인해 주는 귀중한 유물로 우리나라에만 있는 유일한 것이다.
 대구 선화당 측우대(大邱 宣化堂 測雨臺)는 가로·세로 37㎝, 높이 46㎝의 화강암 기둥으로 가운데 직경 16㎝ 길이 4.3㎝의 구멍이 있고, 앞면 한 가운데에는 “측우대(測雨臺)”뒷면에는 “건륭경인오월조(乾隆庚寅五月造)”라고 새겨져 있어서 영조 46년(1770)에 만든 것임을 알 수 있다. 이것과 함께 제작된 측우기는 모두 7기였다고 하는데 현재까지 남아 있는 것으로 1950년 서울 국립기상대(현재 기상청)에 옮겨져 오늘에 이르고 있다.
 한국전쟁 때 총격으로 몇 군데 총탄 자리가 남아 있지만 제작연대가 확실한 유일한 측우대로서 귀중한 가치를 지니고 있다.","서울 동작구 여의대방로16길 61 (신대방동,기상청)",,,kor,,,,G706+CHAB21-B.chaCpInfo.0000000742,
523,복각천상열차분야지도 각석(複刻天象列次分野之圖 刻石),,누리집,2021-02-23 01:48:43,문화재정보,,보물,조선 숙종 13년(1687),"복각천상열차분야지도 각석(複刻天象列次分野之圖 刻石)은 별자리를 돌에 새겨 놓은 천문도이다. 
 둥글게 그린 하늘 안에 1,464개의 별이 그려져 있고 아래에는 천문도를 만들게 된 경위와 참여자 명단이 적혀 있다. 구도상 약간의 차이가 있을 뿐 내용은 태조 4년(1395)에 처음 만든 것과 완전히 같고, 설명문으로는 권근의 글이 실려있다. 전체의 구성이 처음 새긴 것보다 더 좋고 당당하다.
 1395년 처음 새긴 것을 돌이 닳아 잘 보이지 않게 되어 숙종 13년(1687)에 다시 새겨 놓은 것으로, 천문도를 제작하게 된 이유와 과정 등은『증보문헌비고』,『상위고』와『서운관지』에 잘 나타나 있다.","서울 종로구 효자로 12, 국립고궁박물관 (세종로,국립고궁박물관)",,,kor,,,,G706+CHAB21-B.chaCpInfo.0000000737,
542,소목장(小木匠),,누리집,2021-02-23 01:48:44,문화재정보,,시도무형,,"소목장(小木匠)이란 건물의 문, 창문이라든가 장롱, 궤, 경대, 책상, 문갑 등 목가구를 제작하는 기술과 그 기능을 가진 목수를 말하는 것으로 건축을 주로 하는 대목장(大木匠)에 대칭되는 말이다. 
 소목장이라는 명칭은 고려시대 때부터 나타나며, 조선시대에는 목장(木匠)이라고 하였으나 대목과는 구분하였던 것 같다. 조선 전기까지는 목가구가 주로 왕실과 상류계층을 위해 제작되었으나, 조선 후기에는 민간에 널리 보급되고 종류도 많아져 지역적인 특성이 현저히 나타나게 되었다. 예를 들면 남도(南道)지역의 경우 나무의 무늬를 귀하게 여겨 옻칠을 하지 않은 민장롱을 주로 제작하였는데, 통영지역이 대표적인 예이다. 전남 화순 동복(同福)의 장(欌)은 문양과 옻칠·장식 등을 모두 겸비하고 있고, 먹감나무를 쓰는 것이 특징이다. 이렇듯 소목가구는 대체로 원목을 사용하여 목재가 지닌 나무결을 최대로 살려서 자연미를 추구하는 것이 그 목적이다. 그러므로 소목가구는 전통가구의 형태와 규격·기법·문양을 근거로 제작되었다. 
 기능보유자 김창식 씨가 그 맥을 이어가고 있다.",서울 성동구 금호로13나길 15 (금호동2가),,,kor,,,,G706+CHAB21-B.chaCpInfo.0000008768,
550,서울 고려대학교 본관(서울 高麗大學校 本館),,누리집,2021-02-23 01:48:44,문화재정보,,사적,1934년,"고려대학교의 전신인 보성전문학교의 경영을 맡았던 김성수가 1933년 공사를 시작하여 1934년에 완성한 본관건물로 박동진이 설계하였다.
 3층(중앙탑은 6층)이며 화강석을 주재료로 한 좌우대칭의 고딕양식으로 되어 있다. 평면 H자형이며, 중앙에는 넓은 홀이 있다. 건물 현관의 두 돌기둥에는 학교의 기상을 상징하는 호랑이 상이 조각되어 있고, 중앙 후문의 돌기둥에는 무궁화가 조각되어 있다.
 건축 당시에는 내·외부가 호화스럽고 웅장하여, 국내의 학교 건축물로서는 유례가 없는 훌륭한 것이었다.",서울 성북구 안암동 1번지,,,kor,,,,G706+CHAB21-B.chaCpInfo.0000002929,
571,삼해주(三亥酒),,누리집,2021-02-23 01:48:44,문화재정보,,시도무형,,"삼해주는 고려시대부터 전해 내려온 궁중술로, 조선시대에 이르러 순조(재위 1800∼1834)의 딸인 복온 공주가 안동 김씨댁에 시집오면서 그 가문에 대대로 이어져 내려오게 되었다고 한다. 정월의 첫 돼지날에 담기 시작하여 돼지날마다 세 번에 걸쳐 빚는다고 해서 삼해주라고 하는데 그 기간이 100여 일 걸린다고 하여 백일주라고도 하며, 정월 첫 돼지날에 담가 버들가지가 날릴 때쯤 먹는다고 하여 유서주(柳絮酒)라고도 부른다. 
 『동국이상국집』, 『산림경제』등의 문헌에 그 제조방법이 기록되어 있는데, 서울로 들어오는 쌀이 삼해주를 담그는데 쏠리지 않도록 막아달라는 상소의 기록이 보일 정도로 조선시대에 널리 제조되었으며, 그 방법도 매우 다양하다. 삼해주는 쌀과 누룩을 원료로 하여 만드는데, 먼저 정월 첫 돼지날에 백미 두말을 가루내어 끓는 물을 넣고 누룩가루와 밀가루를 섞어 독에 넣는다. 둘째 돼지날에는 쌀을 익혀서 끓는 물과 섞고 난 후 전에 넣었던 독에 다시 넣고, 셋째 돼지날에는 찹쌀을 쪄서 끓는 물을 식혀 넣었다가 버들가지가 나올 때 비로소 쓰게 된다. 
 쌀과 누룩을 원료로 하여 만든 삼해주는 은은한 맛을 비교적 오래 보관할 수 있는 특징을 가지고 있으며, 현재 기능보유자 권희자, 이동복씨에 의해 전승되고 있다.",서울 서초구 방배로10길 10-25 (방배동),,,kor,,,,G706+CHAB21-B.chaCpInfo.0000008750,
572,"용비어천가 권3, 4(龍飛御天歌 卷三, 四)",,누리집,2021-02-23 01:48:44,문화재정보,,보물,1447년경,"『용비어천가』는 조선 왕조 목조(穆祖)로부터 태종(太宗)까지 6대의 사적(事跡)과 그에 대응되는 중국 역대 제왕의 사적(事蹟)을 대구로 하여 읊은 노래와 그 주석을 실은 책이다. 125장의 한글가사와 그에 해당하는 한시(漢詩)를 본문으로 하고, 각장마다 주해를 붙인 체재로 되어 있다. 본문은 조선의 건국이 천명에 의한 것임과 후대 임금에게 경계하는 내용을 담고 있다. 편찬하고 간행한 목적과 그 경위에 대해서는 책에 함께 실려 있는 1445년(세종 27) 정인지(鄭麟趾)의 서문과 권제(權&#36406;) 등의 전문, 그리고 1447년의 최항(崔恒)의 발문에 자세하게 서술되어 있다. 이들 기록에 따르면 권제, 정인지, 안지 등이 1445년에 본문을 만들었고, 세종이 최항, 박팽년, 강희안 등에게 주해를 덧붙이게 하여 1447년에 간행한 것임을 알 수 있다.
이 책은 『용비어천가』의 초간본 중 권3～4부분이다. 비록 권3의 첫 부분과 권4의 말미에 결락이 있지만 다른 부분은 보존상태가 좋고 인쇄상태도 매우 뛰어나다.『용비어천가』는 초간본이 간행된 이후 초간본의 체재를 그대로 따른 중간본으로 3가지 판본이 현전하고 있다.
『용비어천가』는 한글 창제 이후 간행된 최초의 한글문헌으로 125장의 한글가사는 한글 사용의 가장 오래된 모습을 보여줄 뿐만 아니라, 주해 속에 나오는 고유명사, 관직명의 한글 표기는 국어사 연구의 소중한 자료가 된다.","서울 종로구 새문안로 55, 서울역사박물관 (신문로2가,서울역사박물관)",,,kor,,,,G706+CHAB21-B.chaCpInfo.0000001017,
573,이채 초상(李采 肖像),,누리집,2021-02-23 01:48:44,문화재정보,,보물,19세기 초,"조선 후기의 性理學者이자 文臣인 李采(1745-1820)의 초상이다. 이 이채 상은 深衣를 입고 程子冠을 쓴 뒤 두 손을 拱手한 채 정면을 바라보고 있는 반신상인데, 눈부시게 수려한 용모를 실로 뛰어난 화법으로 묘사하고 있을 뿐만 아니라, 화면 상부에 京山 李漢鎭(1732-1815)과 綺園 兪漢芝(1760-1834) 등 당대 명필들의 미려한 贊文이 조화롭게 어우러져 있어 조선후기 燕居服 초상화의 가장 아름다운 걸작 가운데 하나로 일컬어진다. 
   이 李采 상은 조선후기 19세기 초반의 가장 대표적인 儒學者 상으로서 눈빛이 형형한 얼굴의 정교한 묘사는 조선후기 초상화가 도달했던 높은 수준의 사실성을 대표해준다.
  ㅇ 규격(세로x가로) : 99.2 x 58cm","서울 용산구 서빙고로 137, 국립중앙박물관 (용산동5가,임향한의원)",,,kor,,,,G706+CHAB21-B.chaCpInfo.0000001024,
575,전주지도(全州地圖),,누리집,2021-02-23 01:48:44,문화재정보,,보물,18세기,"조선의 태조 이성계(李成桂)의 관향(貫鄕)인 전주를 그린 지도이다. 전주부의 읍성과 주변의 산세, 내부의 관아 건물들을 산수화풍으로 그린, 회화식 지도의 대표작이다. 
전주성 전체를 부감법으로 묘사하여 화면의 중앙에 배치하고 그 주변에 봉우리가 이어지는 모습을 그렸다. 읍성의 내부에는 관찰사의 청사인 선화당(宣化堂)을 비롯한 감영 건물과 부윤(府尹)이 집무하던 본관(本官), 객사(客舍)가 그려져 있다. 또, 태조의 영정(影幀)을 봉안했던 진전(眞殿)인 경기전(慶基殿)도 부각되어 있는데, 아직 조경묘가 세워지지 않은 모습이며 그 자리에 나무가 우거지고 백로 떼가 앉아 있는 것을 표현하여 상서로움을 강조했다. 가옥과 건물들은 다소 옅은 먹선을 사용하여 정교하게 묘사했다. 성의 안팎으로 빽빽하게 들어선 민가, 감사(監司) 일행의 행차로 보이는 사람들의 모습, 그리고 진전 주변의 수목과 새들, 만개한 복사꽃까지 생생하게 묘사되어 있어 화사한 봄날의 정취를 느끼게 한다. 
전체적인 구성과 필력이 세련되고 화격이 높으며 묘사력도 뛰어나 중앙 화단에서 정통적인 회화훈련을 받은 화가가 그린 작품으로 판단된다. 회화식 지도 가운데 가장 뛰어난 작품 중 하나이다.","서울 관악구 관악로 1,103호 동 서울대학교 규장각한국학연구원 (신림동,서울대학교)",,,kor,,,,G706+CHAB21-B.chaCpInfo.0000001060,
576,함경도전도(咸鏡道全圖),,누리집,2021-02-23 01:48:44,문화재정보,,보물,18세기,"함경도(咸鏡道) 지역의 군현 지도를 모은 지도첩으로, 채식필사본이다. 19세기 순조(純祖) 연간에 비변사(備邊司)에서 제작한 것으로 추정되며, 눈금이 있는 방안지(方眼紙)에 지도가 그려져 있다. 
본 지도첩은 5책으로 구성되어 있는데, 제1~4책에는 함경도 내 18개 부(府)·군(郡)·현(縣)의 지도가 실려 있는데, 갑산·단천·북청·삼수·이성 등 5개 군현의 지도는 빠져 있다. 제5책에는「함경도지도」·「함경북도지도」·「함경남도지도」가 수록되어 있다. 또, 제5책의 뒷부분에 ‘비변사(備邊司)’라는 도장이 찍혀 있어서 이 지도가 비변사에서 소장·사용하던 것이었음을 알 수 있다. 
지도에는 산성(山城)·창보(倉堡)·봉수(烽燧) 및 해로(海路)의 거리 등이 표시되어 있고, 또 여백에 읍성(邑城)·민호(民戶)·군향(軍餉)·성군(城軍)·역참(驛站)·마필(馬匹) 등이 기록되어 있는데, 이는 본 지도첩이 행정·군사적인 목적을 위해 만들어진 것임을 잘 보여준다.","서울 관악구 관악로 1,103호 동 서울대학교 규장각한국학연구원 (신림동,서울대학교)",,,kor,,,,G706+CHAB21-B.chaCpInfo.0000001057,
577,단청장(丹靑匠),,누리집,2021-02-23 01:48:44,문화재정보,,시도무형,,,"서울 광진구 자양로44가길 16, 301호 (구의동,LG그린빌라)",,,kor,,,,G706+CHAB21-B.chaCpInfo.0000008773,
590,지장보살본원경(地藏菩薩本願經),,누리집,2021-02-23 01:48:44,문화재정보,,보물,조선단종1년(1453),"지장보살본원경은 줄여서 ‘지장경’, ‘지장본원경’이라고 부르기도 한다. 지장보살이 여러 가지 방법으로 중생을 교화하고자 노력하여, 죄를 짓고 지옥에서 고통받는 중생들까지도 평등하게 구제하고자 하는 큰 뜻을 세운 경전이다.
 단종 1년(1453)에 전라남도 완주의 화암사(花岩寺)에서 만든 것으로, 글씨는 공암(空岩)이 쓰고 대선사 의명(義明)이 목판에 새겼다. 상·중·하 3권을 하나의 책으로 엮었으며, 크기는 세로 28.5㎝, 가로 17㎝이다. 권 상의 끝부분에 책을 만드는데 관계된 사람의 이름과 책을 만든 장소, 책을 펴내는데 도움을 준 사람들의 이름이 적혀있다. 
 이 책에는 각 권마다 장수를 표시하기 위한 방법으로 ‘丈(장)’자가 사용되고 있어서 조선 초기 장수 표시 방법을 확인할 수 있는 좋은 자료가 된다. 또 글씨체가 선명한 것으로 보아 판을 새기고 처음 찍어낸 것으로 보인다.","서울 서대문구 충정로9길 10-10, (재)아단문고 (충정로2가)",,,kor,,,,G706+CHAB21-B.chaCpInfo.0000000830,
604,창덕궁 낙선재(昌德宮 樂善齋),,누리집,2021-02-23 01:48:44,문화재정보,,보물,,"낙선재는 창덕궁과 창경궁 경계에 위치하고 있다.맨 좌측에 낙선재가 크게 자리 잡고 그 우측으로 석복헌과 수강재가 연이어져 있으며, 이들 뒤편에는 화초·석물·꽃담 굴뚝 등으로 가꾸어진 아름다운 화계와 그 위의 꽃담 너머로는 상량정·한정당·취운정이 위치해 있다.
원래 왕의 연침공간 조성을 목적으로 낙선재가 지어지고 이듬해에 빈의 처소를 위하여 석복헌을 짓고 수강재를 중수하여 오늘에 이르고 있다. 궁궐 안에 사대부주택형식으로 지은 건물로는 낙선재와 연경당뿐이다.
낙선재는 헌종 13년(1847)에 왕이 왕비와 대왕대비를 위해 마련하여 조선 왕실의 권위를 확립하고 자신의 개혁의지를 실천하기 위한 장소로 사용했다. 1884년 갑신정변 직후 고종의 집무소로 사용하고 그 후 조선왕조 마지막 영친왕 이은이 1963년부터 1970년까지 살았으며, 1966년 부터 1989년까지는 이방자여사가 기거하였다. 낙선재는 비교적 옛 모습을 잘 간직하고 있으나 석복헌과 수강재는 상당 부분이 변형되어 있다.
낙선재는 남행각에 나있는 정문인 장락문을 들어서면 넓은 마당 건너에 정면 6칸, 측면 2칸 규모로 자리 잡고 그 좌측에 서행각이 남행각과 직교로 연접해 있다. 맨 좌측에 앞으로 돌출한 1칸이 주형 초석 위에 놓여 누마루가 되면서 시선을 끈다. 누마루 뒤로는 온돌방 1칸을 두고 그 우측으로 대청2칸, 온돌방 2칸, 다락방 1칸을 배열하였으며, 다락방 배면에도 흔치 않은 온돌방을 돌출되게 두었다. 2칸 대청과 온돌방 앞에는 툇마루가 시설되어 있고,건물 뒤에는 쪽마루가 길게 깔려 있어 공간 간 이동이 편리하다. 이 건물에는 궁궐의 권위와 위엄을 보여주는 수준 높은 다양한 문양의 창호들이 설치되어 있다. 특히 누마루와 그 뒤 온돌방 사이의 만월문은 단연 돋보이는 백미로 누마루 공간의 위계를 읽게 한다.
구조양식은 잘 다듬은 화강석 바른 층 쌓기 한 기단 위에 방형 초석을 놓고 네모기둥을 세운 물익공 겹처마 팔작지붕 집이다. 물익공은 당초문양으로 세련되게 초각하고 보머리와 보아지도 같은 수법으로 품위 있게 장식하여 궁궐의 면모를 갖추게 했다. 주간은 소로로 수장하고, 누마루의 머름대 아래에는 아름답게 초각한 낙양이 장식되어 있어 누 부분이 더욱 돋보인다. 상부가구는 몸채는 5량가, 누마루는 3량가로 가구하고 미려하게 다듬은 대량 위에 당초문양을 양각한 화려한 제형판대공을 세워 종도리를 받게 했다.
낙선재는 궁궐 내의 침전건축과는 달리 단청을 하지 않고 사대부주택형식으로 건축되었으나, 궁궐침전형식이 응용되면서 다른 곳에서는 쉽게 찾아볼 수 없는 다양한 문양의 장식이 특히 주목되며, 조선 후기 건축 장인(匠人)들의 축적된 기량을 엿볼 수 있어 건축적인 가치가 높다. 또한 조선왕가의 실제 침전으로 사용된 역사성도 중요한 건물이다.","서울특별시 종로구 율곡로 99-0 (와룡동, 창덕궁)",,,kor,,,,G706+CHAB21-B.chaCpInfo.0000001106,
606,관성묘(關聖廟),,누리집,2021-02-23 01:48:44,문화재정보,,시도민속문화재,,"관성묘는 중국 삼국지에 나오는 관우 장군을 신으로 모시는 신당의 일종으로, 관왕묘라고도 한다. 임진왜란을 거치면서 왜구를 물리친 것이 관우 장군신의 도움이라 여기던 명나라 군사들에 의해 우리나라 관성묘의 효시인 ‘남묘’가 서울에 처음 건립되었고, 이후 군사들의 사기를 높이고자 왕의 명을 받들어 전국적으로 건립하여 수호신당으로 섬기에 되었다고 한다.
 당은 16평 넓이의 기와 건물로, 내부로 들어가면 정면에 18세기 화풍으로 그려 놓은 관우장군과 그 부인의 그림이 좌·우로 배치되어 있고, 그 왼쪽에 또 다른 무신도가 걸려있다. 한때는 굿당으로 섬겨 무당과 사람들의 발길이 끊이지 않았으나 요즘은 거의 굿을 하지 않는다고 한다. 
 주택이 들어서면서 예전의 모습은 거의 남아있지 않지만, 조선 후기 군사주둔지인 군영을 통치하던 남영(南營)이 이곳에 자리하고 있었기 때문에 남영에서 관할하였을 것으로 추측된다.
 건립연대는 확실하지 않지만, 조선조말 고종의 후궁이었던 엄비(嚴妃)가 세웠다고 전하고 있으며, 호국신앙과 더불어 불교·유교 등 다양한 성격이 혼합된 관제신앙이 민간신앙으로 발전하는 과정을 보여주는 좋은 예가 된다.",서울 중구 동호로30길 2 (장충동2가),,,kor,,,,G706+CHAB21-B.chaCpInfo.0000011268,
617,전 논산 청동방울 일괄 - 간두령(傳 論山 靑銅鈴 一括 - 竿頭鈴),,누리집,2021-02-23 01:48:44,문화재정보,,국보,,"충청남도 논산에서 발견된 청동기시대 의식를 행할 때 흔들어 소리를 내던 청동방울들 중 간두령이다.
 간두령은 높이 약 15.7㎝의 포탄모양으로 생긴 방울이다. 윗부분에는 절개한 구멍이 있으며 안에 동으로 된 구슬을 넣었다. 몸체에는 짧은 선을 이용해 장식하였고, 아랫부분에는 테가 둘러져 있으며, 밑 부분이 비어있어 이곳에 나무 봉을 끼워 사용한 것으로 보인다.
 청동기시대 만든 의식용 유물로 정교한 제작 솜씨를 엿볼 수 있으며, 당시 신앙이나 의식 연구에도 도움을 주는 중요한 유물들이다.","서울 용산구 이태원로55길 60-16, 삼성미술관 리움 (한남동)",,,kor,,,,G706+CHAB21-B.chaCpInfo.0000000092,
620,청자 동화연화문 표주박모양 주전자(靑磁 銅畵蓮花文 瓢形 注子),,누리집,2021-02-23 01:48:44,문화재정보,,국보,고려시대,"고려 중기에 만든 청자 주전자로 높이 33.2㎝, 밑지름 11.4㎝이다.
 표주박 모양의 몸통에 표면은 연잎으로 둘러싼 형태이다. 꽃봉오리 모양의 마개를 하고 있으며, 잘록한 목 부분에는 동자가 연봉오리를 두 손으로 껴안아 들고 있는 모습과 연잎으로 장식하였다. 손잡이는 덩굴을 살짝 구부려 붙인 모양으로 위에 개구리 한 마리를 앉혀 놓았다. 물이 나오는 아가리는 연잎을 말아 붙인 모양이다.
 고려청자에 붉은 색을 띠는 진사를 곁들이는 장식 기법은 12세기 전반에도 있었으나, 진사로 무늬를 대담하게 장식한 작품은 13세기 이후에 나타난 것으로 여겨진다. 연잎 가장자리와 잎맥을 진사로 장식한 이 작품은 경기도 강화 최항의 무덤에서 출토된 것으로, 고려 고종(재위 1213∼1259) 때 작품으로 추정된다.
 진사의 빛깔이 뛰어나 고려청자 역사상 귀중한 자료가 된다.","서울 용산구 이태원로55길 60-16, 삼성미술관 리움 (한남동)",,,kor,,,,G706+CHAB21-B.chaCpInfo.0000000079,
621,서울 문묘 은행나무(서울 文廟 은행나무),,누리집,2021-02-23 01:48:44,문화재정보,,천연기념물,,"은행나무는 살아 있는 화석이라 할 만큼 오래된 나무로 우리나라, 일본, 중국 등지에 분포하고 있다. 우리나라에는 중국에서 불교와 유교가 전해질 때 같이 들어온 것으로 전해지고 있다. 가을 단풍이 매우 아름답고 병충해가 없으며 넓고 짙은 그늘을 제공한다는 장점이 있어 정자나무 또는 가로수로도 많이 심는다.
 서울 문묘의 은행나무는 나이가 약 400살 정도로 추정되며, 높이 26m, 가슴높이 둘레 12.09m에 이르는 웅장한 나무로 가지 발달이 왕성하고, 유주(乳柱)가 잘 발달되어 주목을 받고 있다.
 이 은행나무는 성균관대 근처에 있는 문묘(文廟)의 명륜당(明倫堂) 경내에 서 있는데, 임진왜란(1592) 당시 불에 타 없어졌던 문묘를 다시 세울 때(1602)에 함께 심어진 것으로 생각된다.
 서울 문묘의 은행나무는 오랜 세월 동안 조상들의 관심과 보살핌 가운데 살아온 나무로 생물학적·문화적 자료로서의 가치가 높아 천연기념물로 지정·보호하고 있다.",서울 종로구 명륜3가 53번지,,,kor,,,,G706+CHAB21-B.chaCpInfo.0000003532,
625,영가진각대사증도가(永嘉眞覺大師證道歌),,누리집,2021-02-23 01:48:44,문화재정보,,보물,고려 충렬왕 25년(1299),"당나라 현각(玄覺)이 지은 증도가는 선종(禪宗)사상을 칠언시로 지은 것으로 우리나라에서 가장 많이 유통된 선수행의 지침서이다.
 이 책은 닥종이에 찍은 목판본으로 현각의 누이인 정거가 본문의 내용을 알기 쉽게 풀이하여 하나의 책으로 엮은 것이며, 크기는 세로 25.3㎝, 가로 15.7㎝이다. 책 끝부분에는 고려 선종 6년(1089)에 보제사(普濟寺)의 스님들과 일반인들이 함께 발원(發願:시주한 사람들이 신령과 부처에게 소원을 빎)하여 간행한 것을 기해년(己亥年)에 문림랑사재소경(文林郞司宰少卿)으로 있던 이시무가 다시 간행하였다는 기록이 있다. 기해년이 언제인지 확실하지 않으나 문관종9품의 등급인 문림랑이 충렬왕 34년(1308)에 통사랑(通仕郞)으로 고쳐졌으므로 늦어도 충렬왕 25년(1299)의 기해년일 것으로 추정된다. 
 이 책은 고려시대에 간행된 판본일뿐 아니라 현각의 누이인 정거가 풀어썼다는 점에서 그 가치가 크다.","서울 서대문구 충정로9길 10-10, (재)아단문고 (충정로2가)",,,kor,,,,G706+CHAB21-B.chaCpInfo.0000000779,
627,청자 구룡형 주전자(靑磁 龜龍形 注子),,누리집,2021-02-23 01:48:44,문화재정보,,국보,고려시대(12세기 전반),"고려 청자의 전성기인 12세기경에 만들어진 청자 주전자로, 높이 17㎝, 밑지름 10.3㎝, 굽지름 9.9㎝의 크기이다. 연꽃 위에 앉아있는 거북을 형상화했는데 물을 넣는 수구(水口), 물을 따르는 부리, 몸통, 손잡이로 구성되어 있다.
 얼굴 모습은 거북이라기보다 오히려 용에 가깝다.  이마 위의 뿔과 수염, 갈기, 눈, 이빨, 비늘 등이 모두 정교하면서도 부드럽게 숙련된 솜씨로 만들어졌다. 두 눈의 눈동자는 검은색 안료를 사용하여 점을 찍었으며, 아래와 위의 이빨은 가지런하게 표현되어 있다. 목과 앞 가슴의 비늘은 음각했으며, 발톱은 실감나도록 양각해 놓았다.
 등에는 거북등 모양을 새겨 그 안에 왕(王)자를 써 넣었고, 등 뒤로 꼬아 붙인 연꽃 줄기는 그대로 손잡이가 되도록 만들었다. 거북등 중앙에는 섬세하게 표현된 작은 연꽃잎을 오므려 그곳에 물을 담도록 되어있다. 유약은 회청색으로 은은한 윤기가 흐른다.
 섬세하고 정교하게 표현된 거북의 모습은 우아한 비취색과 함께, 당시 유행한 동·식물 모양을 모방해서 만든 상형청자의 아름다움을 보여주는 좋은 작품이다.","서울 용산구 서빙고로 137, 국립중앙박물관 (용산동5가,임향한의원)",,,kor,,,,G706+CHAB21-B.chaCpInfo.0000000029,
634,경복궁 사정전(景福宮 思政殿),,누리집,2021-02-23 01:48:44,문화재정보,,보물,,"경복궁은 고대부터 전해져 내려 온 궁궐건축의 제도인 전조후침 및 삼문삼조의 기본배치 원리에 따라 외조, 치조, 연조의 구역으로 크게 나뉘어지며 각기 제 기능에 따른 전각이 배치되었다. 치조 구역에는 경복궁의 정전인 근정전이 있고, 그 뒤로 사정전, 만춘전, 천추전이 자리 잡고 있다. 사정전은 왕이 평상시 거처하며 정사를 보살피던 곳으로 근정전에서 뒤편으로 사정문을 지나면 정면에 위치하며, 사정전의 동측으로 만춘전과 서측으로 천추전이 있다.
 사정전은 만춘전, 천추전과 더불어 편전으로서 정사를 보았던 곳으로 사정전에는 온돌이 없고 만춘전과 천추전에는 온돌이 있어 추운 겨울에는 만춘전과 천추전에서 정사를 보고 경연을 했을 것으로 추정된다. 사정전의 정문은 근정전과 통하는 사정문인데 그 좌우에는 서쪽부터 천자문의 글자 순서를 따라 천자고~월자고까지 행각으로 구성되어 있으며, 궁중의 물건을 보관하는 창고 역할을 하였다. 
사정전은 경복궁 창건 당시인 태조 4년(1395)에 지어졌으며, 명종 8년(1553)에 불탄 뒤 재건했다. 그 후 선조 25년(1592) 임진왜란으로 인해 경복궁의 수많은 전각과 궁문이 모두 소실 되었으며, 현재의 건물은 고종 4년(1867)에 근정전, 경회루, 수정전 등과 함께 중건 당시의 모습을 그대로 간직하고 있다. 
 일제강점기인 1915년 시정 5주년 기념으로 개최된 조선물산공진회 당시 사정전은 박애관, 만춘전은 경비실, 천추전은 심사실 등으로 개조되어 사용되었으며, 그 후 6.25전쟁으로 만춘전이 파괴되었다가 1988년 다시 복원되었다. ‘사정’은 ‘선정을 생각하다‘라는 뜻으로 정도전이 작명하였으며, 천하의 이치는 생각하면 이를 얻을 수 있고 생각하지 않으면 이를 잃게 되는 것이므로 왕으로 하여금 깊이 생각하여 정치할 것을 촉구하는 내용이다. 
 사정전의 현판은 경복궁을 중건할 때 이조판서로 있던 조석우가 썼다.
평면은 정면 5칸, 측면 3칸으로 어칸을 협칸보다 2배 가까운 길이로 넓게 잡았고, 측면에서도 중앙칸을 훨씬 크게 한 것이 특징이다.
 기단은 장대석 3벌대 기단이고, 어칸에 소맷돌이 있는 계단이 설치되어 있으며, 초석은 원형초석이다. 가구는 2고주 7량가의 다포식이며, 단면이 굵은 창방 뺄목은 운궁처리로 하여 평방을 받고 있다. 평주에서도 퇴보의 뺄목을 안초공으로 연결하여 창방과 평방을 감싸게 되어서 화려한 감각을 주게 된다. 공포는 4면 모두 어칸에만 2개의 간포를 배설하고, 협칸, 퇴칸은 1개를 설치하였다. 쇠서는 앙서로 처리하였고, 내부의 포작은 모두 화려하게 운궁초각하였다. 천정은 우물천정에 단청문양이 화려하다. 지붕은 겹처마 팔작지붕으로 용마루와 내림마루에는 양성을 하고 취두·용두·잡상을 배열했다.
창호는 4면 모두 띠살창 4분합문으로 하고, 그 위에 교창을 설치하였다. 바닥은 우물마루에 내부칸막이 시설 없이 하나의 공간이지만 중앙에 어좌를 설치하기 위한 2개 고주를 세워 상부에 벽화가 있는 벽체가 구성되어 있다.
 사정전은 왕이 평소에 거처하며 정무를 수행하는 편전으로 정전인 근정전과 함께 치조의 중요한 건물이다. 고종 4년(1867)에 중건한 당시의 외관이 잘 남아있고, 편전의 위엄을 지닌 공포짜임을 비롯한 구조양식 전반과 기능 충족을 위한 공간구성 등의 면모를 비교적 잘 간직하고 있어 역사적, 건축적으로 보존가치가 높은 건물이다.",서울특별시 종로구 청와대로 1-0 (세종로),,,kor,,,,G706+CHAB21-B.chaCpInfo.0000001101,
641,신위 해서 천자문(申緯 楷書 千字文),,누리집,2021-02-23 01:48:44,문화재정보,,보물,"1837년(헌종 3, 신위 69세)","《해서 천자문》은 자하 신위(1769-1845)가 69세 되는 1837년(헌종 3)에 쓴 것으로 조선시대 천자문 가운데 노년에 속하는 예이다. 현재 신위가 쓴 행서 대련이나 병풍 필적이 다수 알려져 있는데, 이에 비하여 천자문 필적은 오직 이것뿐이다. 글씨는 노년의 원숙한 필법을 보여주는데, 서풍은 당나라 구양순(歐陽詢)에 바탕을 둔 청나라 옹방강(翁方綱)과 유사하면서도 옹방강에 비해 좀 더 부드럽고 단아한 필치이다. 이 필적은 서첩으로 장황되었는데 “천자문(千字文)”이라 쓴 표제도 신위의 필적으로 여겨진다. 개장(改裝)의 흔적이 없으며 보존상태도 양호하다.","서울 서초구 서초대로40길 72, 102동 203호 (서초동,한빛삼성아파트)",,,kor,,,,G706+CHAB21-B.chaCpInfo.0000001093,
650,조흡 고신왕지(曺恰 告身王旨),,누리집,2021-02-23 01:48:44,문화재정보,,보물,조선 태종 9년(1409),"왕지란 왕의 뜻과 명을 적어 보낸 문서로, 1426년 이후부터는 교지(敎旨)라고 불리었다. 이 문서는 태종 9년(1409)에 종2품인 가정대부의 품계와 중군도총제부의 총제 및 판군기감사 직책을 내려준 왕지이다.
 조흡은 정종 2년(1400) 방간의 난에서 공로를 세워 태종 1년(1401)에 공전을 받는 한편 무관의 중요한 직에 발탁되어 그 벼슬이 재상의 반열에 올랐다.
 조선 전기의 문서양식 연구 및 인사행정제도 연구의 귀중한 자료로 평가된다.","서울특별시 중구 필동로1길 30-0 (장충동2가, 동국대학교)동국대학교도서관",,,kor,,,,G706+CHAB21-B.chaCpInfo.0000000787,
654,대불정여래밀인수증료의제보살만행수능엄경(大佛頂如來密因修證了義諸菩薩萬行首楞嚴經),,누리집,2021-02-23 01:48:44,문화재정보,,보물,조선 태종 1년(1401),"대불정여래밀인수증요의제보살만행수능엄경은 줄여서 ‘대불정수능엄경’또는 ‘능엄경’이라 부르기도 하는데, 부처님의 말씀을 머리속으로만 이해하는데 그치지 않고 자신이 직접 경험하여 얻을 것을 주요사상으로 하고 있다. 능엄경은 전체 10권으로 되어 있으며 스님들이 수련과정에서 필수적으로 배우는 경전이다. 
 대불정여래밀인수증료의제보살만행수능엄경(大佛頂如來密因修證了義諸菩薩萬行首楞嚴經)는 당나라의 반자밀제(般刺密帝)가 번역하고 송나라의 계환(戒環)이 해석한 것을 조선 태종 1년(1401)에 태조의 명으로 간행한 것이다. 닥종이에 찍은 목판본으로 권1∼10의 내용을 5권의 책으로 엮었으며, 크기는 세로 38.5㎝, 가로 22.9㎝이다. 
 책 끝에 있는 권근의 글을 통해서 목판을 새기는 작업에 대덕(大德) 명호(明昊)를 비롯한 많은 사람이 동원되었으며, 윤모(尹某)가 총괄적인 책임을 맡고 있었음을 알 수 있다. 
 숭유억불책을 국시로 삼고 실천하던 당시에 태조의 명에 의해 불경이 간행되었다는 점이 주목되며, 능엄경 전체의 내용이 전하는 독자적인 판본이라는 점에서도 귀중한 자료로 여겨진다.","서울 용산구 서빙고로 137, 국립중앙박물관 (용산동5가,임향한의원)",,,kor,,,,G706+CHAB21-B.chaCpInfo.0000000686,
664,초적(草笛),,누리집,2021-02-23 01:48:44,문화재정보,,시도무형,,"초적(草笛)은 두껍고 질긴 나뭇잎을 입술에 대고 입김을 불어 연주하는 악기이며 동시에 이것으로 연주하는 음악을 가리킨다. 일명 초금(草琴)이라 하였고 풀피리라 이르기도 한다. 
 조선 성종 24년(1493)에 성현 등이 편찬한 궁중음악서인『악학궤범』에 초금이 보이고 궁중진연의식 보고서인『진연의궤』에도 초금악사가 보인다. 또 일제시대 유성기 음반에 강춘섭이라는 초금 명인이 취입한 초금 시나위와 초금삼현의 음반이 보이는 것으로 보아 초금은 일찍부터 궁중과 민간에서 전문적인 음악으로 연주되었던 것으로 보인다. 
 궁중음악의 초금은 이미 전승이 끊어졌고, 민간 음악의 초금도 거의 전승이 끊어질 위기에 있다. 다행히 초적 예능보유자로 지정된 박찬범은 어려서 부친에게 초금을 배워 초금의 성음을 잘 낼 수 있고, 초금으로 시나위를 능히 연주할 수 있어 여러 차례 공연을 가졌다. 또 관현악단과 합주로 초금을 연주한 바 있다. 현재 관현과 합주로 초금시나위를 연주할 수 있는 보유자는 박찬범이 유일하다.",서울 광진구 동일로18길 102 (자양동),,,kor,,,,G706+CHAB21-B.chaCpInfo.0000008766,
669,대불정여래밀인수증요의제보살만행수능엄경(大佛頂如來密因修證了義諸菩薩萬行首楞嚴經),,누리집,2021-02-23 01:48:44,문화재정보,,보물,,"이 책은 당의 반라밀제(般剌密帝)가 번역하고 송나라 계환(戒環)이 주해(註解)한『대불정여래밀인수증요의제보살만행수능엄경大佛頂如來密因修證了義諸菩薩萬行首楞嚴經』10권 가운데 권1～10으로 15세기 전반에 간행된 판본이다. 이 판본은 권1∼10의 내용을 2책으로 엮었으며, 판심에는 ‘능(楞)’ 권차(卷次), 장차(張次)가 있다. 권두에는 “대불정수능엄경변상(大佛頂首楞嚴經變相)”이란 제목 하에 2장의 변상도가 있고 이어 권1∼10의 말미에 이르기까지 세필의 구결(口訣)이 있으며, 판각이 정교하여 인쇄도 깨끗하다. 발문이 없는 성달생(成達生, 1376-1444) 필서의 이 능엄경 판본은 완질본으로서 훼손됨이 없이 깨끗하게 보존되어 상태가 양호하다. 15세기 전반에 간행한 판본으로서 국어학 및 서지학연구 자료로서 그 가치가 높다.","서울 종로구 새문안로 55, 서울역사박물관 (신문로2가,서울역사박물관)",,,kor,,,,G706+CHAB21-B.chaCpInfo.0000001073,
679,판소리고법(판소리고법),,누리집,2021-02-23 01:48:44,문화재정보,,시도무형,,"판소리고법(鼓法)은 판소리가 정착한 조선 중기 이후에 생겨난 것으로 판소리에 맞추어 고수(鼓手:북치는 사람)가 북으로 장단을 쳐 반주하는 것을 말한다. 
 고법은 판소리의 반주이기 때문에 고수를 내세우는 일이 없어 조선시대에는 이름난 명고수가 매우 드물었다. 또한 고수를 판소리수업의 한 방편으로 여겨 고법의 발달은 미미하였다. 조선 후기에 들어 판소리가 매우 다양한 특성을 지니고 발전함에 따라 고법도 발전하나, 19세기 말에 이르러서야 전문적인 고수들이 나와 고법은 비약적인 발전을 하게 되었다. 
 판소리고법에는 여러가지 이론이 있으나 크게 자세론(姿勢論)·고장론(鼓長論)·연기론(演技論)으로 나눌 수 있다. 자세론은 소리꾼의 왼편 앞에 북을 놓고 소리꾼을 향하여 앉는다. 북은 왼쪽으로 당겨 왼손 엄지를 북의 왼쪽에 걸치고 왼쪽 구레를 친다. 북채는 오른손에 쥐고 무릎 위에 올려놓았다가 소리에 맞춰 치되, 좌우 몸밖과 머리위로 올라가지 않도록 한다. 고장론은 고수가 소리꾼의 소리에 따라 장단을 치는 것으로 악절의 시작과 가락의 흐름을 손과 채를 이용하여 북통과 가죽을 쳐 연주하는 것이다. 연기론은 고수가 소리꾼의 상대역으로 소리(창)와 아니리(말)를 추임새로 받아 주며, 소리에 따라 추임새로 흥을 돋우고 소리의 빈 자리를 메우며 소리꾼의 소리가 자연스럽게 연결되도록 한다. 
 판소리고법 예능보유자로 정화영 씨가 인정되어 있다.",서울 서초구 강남대로37길 56-23 (서초동),,,kor,,,,G706+CHAB21-B.chaCpInfo.0000008767,
696,지장보살본원경(地藏菩薩本願經),,누리집,2021-02-23 01:48:45,문화재정보,,보물,,"지장보살본원경은 줄여서 ‘지장본원경’ 또는 ‘지장경’이라고도 부른다. 지장보살이 여러 방법으로 중생들을 교화하기 위하여 노력하고, 죄를 짓고 고통받는 중생들을 구제하려는 바램을 말씀하신 경전이다.
 이 책은 당나라의 법등(法燈)이 번역한『지장보살본원경』권 상·중·하인데, 세종의 둘째딸인 정의공주가 죽은 남편 안맹담의 명복을 빌기 위해 예종 1년(1469)에 간행한 것이다. 나무에 새겨서 닥종이에 찍은 것으로 3권이 하나의 책으로 엮어져 있으며, 크기는 세로 31.8㎝, 가로 20.5㎝이다. 책 머리에는 불경의 내용을 요약하여 그린 변상도(變相圖), 기원하는 글을 적은 패(牌), 신중상(神衆像) 등이 묘사되어 있다. 책 끝의 발문(跋文:책의 내용이나 간행에 관계된 일을 간략하게 적은 글)은 김수온이 썼고, 목판에 새기는 일에는 권돈일, 사부귀, 고말종 등이 참여했다.
 변상도와 본문 글씨를 새긴 솜씨가 뛰어나며, 조선시대 왕실 불교신앙의 한 유형을 살필 수 있는 자료이다.","서울 서초구 바우뫼로7길 111, 관문사 (우면동)",,,kor,,,,G706+CHAB21-B.chaCpInfo.0000000814,
697,원지동석불입상및석탑(院趾洞石佛立像및石塔),,누리집,2021-02-23 01:48:45,문화재정보,,시도유형,,"청계산 등산로로 진입하는 고속도로 굴다리 입구 오른쪽에 미륵당이 세워져 있는데, 그 안에는 미륵불이 모셔져 있고 작은 규모의 3층석탑이 있다.
 미륵불은 약 2m 크기의 서 있는 모습으로, 고려말 조선초의 토속적인 양식을 띠고 있다. 원터마을의 수호신으로 여겨지며, 1년에 한번씩 주민들이 제사를 드린다고 한다.
 이 미륵불에 지성을 드리면 길흉화복을 계시한다 하여 일본인들이 미륵불을 일본으로 반출하려다 실패한 일이 있었다. 미륵불의 신비한 영험으로 사람들이 계속 몰려들자 일본인들은 미륵불의 배꼽을 쪼아내었는데 그 후부터 미륵불의 영험한 능력이 상실되었다고 한다.","서울 서초구 원지동 362-4번지 , 362-5",,,kor,,,,G706+CHAB21-B.chaCpInfo.0000005257,
700,우암송시열초구1령(尤庵宋時烈貂구1領),,누리집,2021-02-23 01:48:45,문화재정보,,시도민속문화재,,"초구는 ‘담비’라는 족제비과 짐승의 가죽으로 만든 옷을 이른다. 이 옷은 조선 효종이 입던 겉저고리를 우암 송시열에게 하사한 것이다.
 노란털의 빛깔이 곱고 따뜻해 보이는 이 옷은 양팔을 벌린 너비가 184㎝이며, 등솔기의 세로 길이는 95㎝이다. 안쪽면에는 우암의 친필로 옷에 얽힌 내력을 상세하게 적어 놓았다. 원래 비단천으로 된 안감이 있었는데, 우암이 죽어 저 세상으로 갈 때 임금이 하사한 옷을 전부 입고 갈 수는 없다 하여 안감만 뜯어 입고 가서 모피만 남은 것이라 전한다.
 효종은 인조의 둘째 아들로, 인조 4년(1626)에 봉림대군으로 봉해졌는데, 이때 우암이 그의 스승으로 임명되면서 깊은 인연을 맺게 되었다. 병자호란 때 봉림대군이 소현세자와 함께 청나라에 볼모로 잡혀가자 우암은 일체의 벼슬을 사양하고 낙향하였고, 효종이 즉위하여 우암에게 관직을 주어 부르자 비로소 벼슬에 나아가 효종의 북벌계획의 핵심인물로 발탁되어 활약하였다. 이후 김자점 일파가 청나라에 조선의 북벌 동향을 밀고함으로써 우암은 관직에서 물러나게 되었고, 효종은 뜻을 이루지 못한 채 즉위 10년 만인 1659년에 승하하였다. 생전에 효종은 북벌 때 청나라의 혹독한 추위를 이겨내라고 이 옷을 하사하였는데, 우암은 때때로 그 뜻을 되새기며 옷을 붙잡고 통곡하였다고 한다.
 왕이 하사한 옷으로서의 가치보다는 임금과 신하 사이의 굳은 의리를 느끼게 하는 상징적인 자료로서의 가치가 주목된다. 옷의 안쪽면에 우암의 친필로 적어 놓은 기록 또한 보기드문 모습이다.","서울 강남구 압구정로 321, 32동 1202호 (압구정동,한양아파트)",,,kor,,,,G706+CHAB21-B.chaCpInfo.0000011288,
703,삼청동오위장김춘영가옥(三淸洞 五衛將 金春榮 家屋),,누리집,2021-02-23 01:48:45,문화재정보,,시도민속문화재,,"조선 후기에 오위장(五衛將) 벼슬을 지낸 김춘영이 1890년대에 지은 집이다. 오위(五衛)는 조선시대 중앙 군사조직을 말한다. 지금 건물은 종로구 삼청동에 있던 것을 한옥마을로 옮겨 복원한 것으로 대문채, 사랑채, 안채로 구성되어 있다.
 사랑채는 대문채와 연이어 돌출되어 있으며 사랑방·대청·건넌방으로 짜여있다. 안채는 ㄷ자형 평면으로 서울지방의 일반적인 주택 구조를 따르고 있는데 대청을 중심으로 오른쪽에 건넌방, 왼쪽에 안방·부엌·마루·광을 두었다. 대문에 들어서서 왼쪽에는 문간방이 1칸 있다.
 전체적으로 조촐한 양식을 보이는 집으로 안방 뒷쪽 벽을 독특하게 쌓아 집의 격식을 한층 더 높이고 있다.","서울 중구 퇴계로34길 28, 일원 (필동2가)",,,kor,,,,G706+CHAB21-B.chaCpInfo.0000011270,
710,경주 구황동 금제여래좌상(慶州 九黃洞 金製如來坐像),,누리집,2021-02-23 01:48:45,문화재정보,,국보,통일신라시대 초기,"1934년 경주 황복사지 삼층석탑(국보 제37호)을 해체·복원할 때 나온 사리함에서 경주 구황동 금제여래입상(국보 제80호)과 함께 발견되었다. 사리함에 새겨진 글에 의하면 통일신라 성덕왕 5년(706)에 사리함 속에 순금으로 된 아미타상을 넣었다고 하는데 이 불상이 아닌가 추측된다. 그러나 크기가 6치라고 기록되어 있는데, 이 불상은 12.2㎝로 4치도 되지 않아 의문이 간다. 
 광배(光背)와 불신(佛身), 연꽃무늬 대좌(臺座)의 3부분으로 되어 있으며, 각 부분은 분리되도록 만들었다. 민머리 위에는 상투 모양의 머리(육계)가 큼직하게 솟아 있으며, 둥근 얼굴은 원만하다. 눈·코·입은 뚜렷하고 균형이 잡혀 있어 통일신라시대 불상의 이상적인 모습에 접근하고 있다. 어깨는 넓고 당당하며, 양어깨를 덮은 대의는 가슴을 크게 열었고, 그 안에 대각선으로 내의를 걸쳐 입었다.  불상이 앉아 있는 대좌에 흘러내린 옷자락은 좌우대칭으로 정돈되어 길게 늘어져 있다. 오른손은 어깨 높이로 들어 손바닥을 보이고 있고, 무릎 위의 왼손은 손끝이 땅을 향하도록 하여 손등을 보이고 있다.  머리광배에는 연꽃무늬를 중심으로 인동초·당초무늬·덩쿨무늬와 그 가장자리에 불꽃 무늬가 뚫을새김되어 있고, 몸광배에는 인동초·당초무늬와 덩쿨무늬를 이중으로 뚫을새김하였다. 대좌는 원형이며 엎어 놓은 연꽃무늬가 새겨져 있다. 
 미소 띤 얼굴에 뚜렷한 이목구비와 균형잡힌 몸매를 지녀 더욱 위엄있게 보이는 이 불상은 손모양이나 옷주름, 양감이 강조된 표현 등에서 8세기 초 불상의 양식과 성격을 연구하는데 매우 중요한 자료가 되고 있다.","서울 용산구 서빙고로 137, 국립중앙박물관 (용산동5가,임향한의원)",,,kor,,,,G706+CHAB21-B.chaCpInfo.0000000015,
712,대성사목불좌상(大聖寺木佛坐像),,누리집,2021-02-23 01:48:45,문화재정보,,시도유형,,"대성사는 서울특별시 서초구 예술의 전당 위쪽에 있는 사찰로, 한국전쟁 때 소실된 것을 1954년에 다시 지었다. 대성사에 모셔진 이 불상은 3.1운동 당시 민족대표 33인 중 한사람인 백용성 스님이 만들었다고 전해진다. 
 백제 제15대 침류왕 1년(384) 인도의 마라난타 대사가 설법하러 백제에 오는 동안 병이 들었는데 우면산 생수로 병을 고쳤다고 한다. 그리하여 우면산 기슭에 대성초당을 창건함으로써 이 우면산 대성사는 백제 불교의 성지가 되었다. 조선 명종 때 보우대사는 이 절에 머물면서 불교 중흥을 구상했다고 한다. 
 대성사는 백용성 큰스님이 한용운 대사를 앞세워 천도교 손병희 교주, 기독교 길선주 목사, 기독교 이필주 목사 등과 교류하여 3종교가 합심하여 민족중흥과 종교 중흥을 도모한 성지로 유명하다.","서울 서초구 남부순환로328길 49, 외 (서초동)",,,kor,,,,G706+CHAB21-B.chaCpInfo.0000005256,
752,연희동의수지적송(연희동의수지적송),,누리집,2021-02-23 01:48:45,문화재정보,,천연기념물,,,서울 마포구 노고산동 45-1번지,,,kor,,,,G706+CHAB21-B.chaCpInfo.0000003530,
756,성북동이종석별장(城北洞 李鍾奭 別莊),,누리집,2021-02-23 01:48:45,문화재정보,,시도민속문화재,,"1900년대에 지은 것으로 추정되는 집이다. 
 사랑채 비슷한 별채와 안채, 행랑채로 이루어져 있다. 안채는 동북쪽에 있으며 행랑채는 북쪽에 있다. 누마루에는 ‘일관정’이라는 현판이 붙어있다. 안채는 조선 후기의 상인인 이종석이 지은 별장이라고 전하는데 당시 규모가 큰 상인들의 생활상을 살펴볼 수 있는 집이다. 특히 가옥주변의 조경은 한국의 멋이 물씬 풍기는 아름다운 경관을 가지고 있다.",서울 성북구 성북로 지하 131 (성북동),,,kor,,,,G706+CHAB21-B.chaCpInfo.0000011272,
761,창덕궁 향나무(昌德宮 향나무),,누리집,2021-02-23 01:48:45,문화재정보,,천연기념물,,"향나무는 우리나라 중부 이남을 비롯해 울릉도와 일본 등에 분포하고 있으며, 상나무·노송나무로도 불린다. 이 나무는 강한 향기를 지니고 있어 제사 때 향을 피우는 재료로도 쓰이며 정원수·공원수로 많이 심는다.
 창덕궁의 향나무는 나이가 약 750살 정도로 추정되며, 2010년 태풍의 피해로 인해 손상은 되었지만, 뿌리부분 둘레 5.9m이다. 가지는 동서남북으로 1개씩 뻗어나갔는데 남쪽 가지는 잘라졌고, 북쪽 가지는 죽었으며, 동쪽 가지는 꼬불꼬불한 기형으로 자랐다. 나무의 모양은 마치 용(龍)이 하늘을 오르는 모습처럼 생겼다.
  창덕궁의 향나무는 오랜 세월동안 조상들의 관심과 보살핌 가운데 살아온 나무로 문화적 자료로서의 가치가 높아 천연기념물로 지정·보호하고 있다.","서울 종로구 율곡로 99, 창덕궁 (와룡동)",,,kor,,,,G706+CHAB21-B.chaCpInfo.0000003534,
769,용강동정구중가옥(龍江洞 鄭求中 家屋),,누리집,2021-02-23 01:48:45,문화재정보,,시도민속문화재,,"좁은 터에 안채, 행랑채, 별당을 따로 만든 한옥 살림집이며 1920년대 이후 개량한옥으로서 보기 드문 예가 되는 집이다. 대문을 들어서면 다시 대문채가 있고 안쪽에 있는 대문을 들어서야 안채가 있다.
 대문간 행랑채는 일반적인 一자형 평면과 다르게 휘어지게 지었으며 대문의 남쪽으로 방 2칸과 광 2칸을 두었다. 현재 광 1칸은 방으로 개조하였다. 안채는 지붕 옆면의 선이 여덟 팔(八)자 모양과 비슷한 팔작지붕이며 창호는 대부분 현대식으로 바꾸었다. 대문채와 별당채는 옆면에서 볼 때 지붕선이 사람 인(人)자 모양과 비슷한 맞배지붕으로 꾸몄다. 
 도시의 제약된 좁은 집터에 오밀조밀 전통 한옥 구조의 깊은 맛을 보여주고 있는 집이다.",서울 마포구 큰우물로2길 22 (용강동),,,kor,,,,G706+CHAB21-B.chaCpInfo.0000011279,
774,경주 98호 남분 유리병 및 잔(慶州 九十八號 南墳 琉璃甁 및 盞),,누리집,2021-02-23 01:48:45,문화재정보,,국보,신라시대,"경주시 황남동 미추왕릉 지구에 있는 삼국시대 신라 무덤인 황남대총에서 발견된 병 1점과 잔 3점의 유리제품이다.
 병은 높이 25㎝, 배지름 9.5㎝이고, 잔① 높이 12.5㎝, 아가리 지름 10㎝ 잔② 높이 8㎝, 아가리 지름 10.5㎝ 잔③ 높이 10.5㎝, 아가리 지름 9.5㎝의  크기를 하고 있다.
 병은 연녹색을 띤 얇은 유리제품으로 타원형의 계란 모양이다. 물을 따르기 편하게 끝을 새 주둥이 모양으로 좁게 오므렸다. 가느다란 목과 얇고 넓게 퍼진 나팔형 받침은 페르시아 계통의 용기에서 볼 수 있는 것이다. 목에는 10개의 가는 청색 줄이 있고, 아가리에는 약간 굵은 선을 돌렸고, 손잡이에는 굵은 청색 유리를 ㄱ자로 붙였다. 손잡이에는 금실이 감겨져 있었는데 이는 무덤에 넣기 전에 이미 손상되어 수리를 한 듯 보인다.
 잔①은 병과 같이 연녹색 유리를 사용했고, 위는 넓고 밑은 좁아진 컵 모양을 하고 있다. 아가리 주위는 속이 빈 관(管)모양으로 돌리고, 그 위에 청색 유리띠를 한 줄 둘렀다. 몸체의 윗쪽에는 청색 유리로 물결무늬를 두르고, 밑쪽에는 격자무늬를 도드라지게 새겼다.
 잔②는 색은 연녹색이고 아가리가 넓다. 아가리 주위는 약간 도톰하게 돌기가 있으며, 밑면 가운데 부분이 약간 들어가 있다.
 잔③ 역시 연녹색이고 아가리가 넓은 원통형이다. 아가리 주위는 관(管) 모양이고 위와 아래에는 약간 청색을 띠고 있다.
 모두 파손이 심한 상태로 발굴되었으나 다행히 원형을 알아 볼 수 있게 복원되었다. 병과 잔①은 매우 가까운 거리에서 출토되어 아마 세트를 이루었던 것으로 짐작된다. 유리의 질과 그릇의 형태 색깔로 미루어 서역에서 수입된 것으로 보이며, 그 당시 서역과의 문화 교류를 알게 해 주는 자료가 된다.","서울 용산구 서빙고로 137, 국립중앙박물관 (용산동5가,임향한의원)",,,kor,,,,G706+CHAB21-B.chaCpInfo.0000000355,
776,청구도(靑邱圖),,누리집,2021-02-23 01:48:45,문화재정보,,보물,,"청구도는 김정호가 처음 제작한 전국지도로 완성 시기는 1834년이다. 김정호는 18세기 말부터 진행되어 왔던 기존 지도의 문제점 극복을 위한 노력에 공감하고, 이에 한 걸음 더 나아가 자신 나름의 독창적인 생각을 반영하여 청구도를 제작하였다. 김정호는 종래 지리지에만 수록되던 정보를 지도에 수록하는 참신한 아이디어로 청구도의 활용가치를 높이고자 했는데, 즉 모든 고을마다 호구 수, 토지 면적, 군사의 총수, 세금으로 거두어들인 곡식의 총량, 한성까지의 거리 등을 기록하고 중요한 역사적 사건이 있었던 곳에는 그 내용을 기록하는 등 역사지리 정보를 첨기한 것이다. 그럼으로써 청구도는 기존 전국지도 위에 중요 역사지리 정보를 비교적 상세하게 수록한 독특한 구성의 지도가 되었다. 국내에 전하는 여러 본의 <청구도> 중 고려대학교 소장의 이 지도는 보존 상태가 뛰어나고 지도 발달사에서 의미가 크다.","서울 성북구 안암로 145, 중앙도서관 (안암동5가,고려대학교안암캠퍼스(인문사회계))",,,kor,,,,G706+CHAB21-B.chaCpInfo.0000001069,
804,안동 하회탈 및 병산탈(安東 河回탈 및 屛山탈),,누리집,2021-02-23 01:48:45,문화재정보,,국보,,"경상북도 안동군 하회마을과 그 이웃인 병산마을에 전해 내려오는 탈로서 현존하는 가장 오래된 탈놀이 가면이다.
 하회탈로는 11개가 전해지는데 주지 2개, 각시, 중, 양반, 선비, 초랭이, 이매, 부네, 백정, 할미 탈이 있다. 이밖에 총각, 별채, 떡다리 탈이 있었다고 하나 분실되어 전하지 않아서, 병산탈로는 현재 2개가 남아 있다.
 한국의 가면은 대개 바가지나 종이로 만든 것이 많아서 오래 보존된 예가 드물며, 그 해 탈놀이가 끝난 후 태워버리는 것이 일반적이었다. 그러나 하회탈과 병산탈은 드물게 보이는 목조탈이며, 격식과 세련됨을 갖춘 유물이다.
 원래 해마다 정월 대보름에 거행되는 별신굿에 쓰이던 것이며, 마을마다 따로 가면들을 보존해 왔을 뿐만 아니라 탈에 대한 금기나 제약이 매우 엄격했다. 이 탈의 재료는 오리나무이며 그 위에 옻칠을 두겹 세겹으로 칠해 정교한 색을 내고 있다. 턱은 따로 조각되어 있어서, 아래턱을 노끈으로 달아 놀이할 때 움직이게 함으로써 생동감을 주도록 되어 있다. 하회 가면 중에서도 특히 양반과 백정은 세련된 입체감과 표현기교를 보여주고 있다.
 이 탈들의 제작자와 제작연대는 알 수 없으나 마을에는 허도령이 만들었다는 전설이 있다. 다만 하회마을에 살았던 사람에 대한 기록으로 허씨가 살았고, 안씨 집안이 들어온 후, 유씨가 조선 전기에 살았다고 기록이 되어 있어 대체로 고려 중기에 만들어진 것으로 보여진다.","서울 용산구 서빙고로 137, 국립중앙박물관 (용산동5가,임향한의원)",,,kor,,,,G706+CHAB21-B.chaCpInfo.0000000344,
830,청자 퇴화화문 주전자 및 승반(靑磁 堆花花文 注子 및 承盤),,누리집,2021-02-23 01:48:45,문화재정보,,보물,고려시대(12세기),"청자퇴화화문 주전자 및 승반은 주자와 뚜껑, 승반이 제격으로 갖추어진 완전한 한 세트로 작은 원판형 뚜껑에 주자의 몸통은 공처럼 둥근 구형(球形)을 이루었으며, 구연이 크게 외반된 승반은 안바닥이 넓고 편평하게 만들었다.
  문양은 미립으로 정제된 백토니(白土泥)와 자토니(裏土泥)를 붓에 묻혀 그리는 퇴화(堆花) 기법으로 그려 넣었다. 뚜껑에는 간략한 꽃잎을 그리고, 주전자의 앞·뒷면에는 활짝 핀 큼직한 화문(花文)을 활달한 필치로 그린 후 주구와 손잡이 등에는 흑색과 백색의 조화를 고려하면서 그렸다. 승반에는 외측면 세 곳에 일정한 간격으로 간략화시킨 꽃을 그려 넣었다.
  은은하고 투명한 회청색 광택의 유약을 약간 두껍게 시유하였으며 주자와 승반은 황갈색 모래비짐을 받쳤고, 뚜껑에는 백색 내화토 비짐을 받친 흔적이 남아 있다.
  둥근 몸통에 굵직굵직한 주구와 손잡이가 달린 힘찬 형태, 힘 있고 빠른 필치로 그린 문양, 투명한 회청색의 유색 등 12세기의 세련된 청자 양식을 유감없이 보여주는 작품이다.","서울 용산구 이태원로55길 60-16, 삼성미술관 리움 (한남동)",,,kor,,,,G706+CHAB21-B.chaCpInfo.0000000991,
833,자수 사계분경도(刺繡 四季盆景圖),,누리집,2021-02-23 01:48:45,문화재정보,,보물,고려 말기,"고려시대의 자수 병풍으로 전해오는 이 자수사계분경도(刺繡 四季盆景圖)는 형태가 조선시대 자수 병풍과는 다르다. 조선시대 것은 8∼12폭 이지만 이 병풍은 4폭이다.
 무늬 없는 비단에 포도무늬의 분(盆)과 분재(盆栽), 연꽃무늬의 분과 꽃병이 수 놓아졌으며, 다른 2폭에도 매화의 분재와 꽃병에 나비 한 쌍씩이 배치되어 있다. 사찰을 상징하는 卍자가 수놓여 있어, 불교의 영향을 받고 있음을 알 수 있다. 수의 기법은 자련수가 많고, 분의 테, 포도잎 문양 등은 주위를 선수로 처리하여 윤곽을 뚜렷하게 하였으며, 솔은 솔잎 수로 처리하였다.
 이 분경도는 중국 송나라의 분경자수 병풍에 비할 때 한국적인 요소가 뚜렷하며, 특히 꼰사수를 많이 사용하는 것은 한국 자수의 특징이며 색감도 안정적이다.","서울 강남구 논현로132길 34, 한국자수박물관 (논현동)",,,kor,,,,G706+CHAB21-B.chaCpInfo.0000000564,
839,김정희 종가 유물 - 소재첩(金正喜 宗家 遺物 - 蘇齋帖),,누리집,2021-02-23 01:48:45,문화재정보,,보물,,"김정희 종가 유물 일괄 - 소재첩(金正喜 宗家 遺物 一括 - 蘇齋帖)는 조선 후기의 문신이자 서화가였던 김정희(1786∼1856)의 유물로 그의 종가에 대대로 내려오는 작품이다. 김정희의 호는 추사·완당·예당 등이며 순조 19년(1819)에 문과에 급제하여 병조참판·성균관 대사성 등을 역임하였다. 고증학과 금석학을 발전시켰고 시·서·화에도 뛰어난 재능을 보여 말년에는 독창적인 글씨체인 추사체를 완성시켰다.
 이것은 겉에 제목으로 ‘소재첩’이라고 쓰여 있고 그 아래에 작은 글씨로 ‘원옹경본, 이당, 제첨, 신해경등루장’이라고 쓰여 있다. 안에는 그의 호의 유래에 대한 해설을 썼다.","서울 용산구 서빙고로 137, 국립중앙박물관 (용산동5가,임향한의원)",,,kor,,,,G706+CHAB21-B.chaCpInfo.0000001697,
840,조선왕조실록 기타산엽본(朝鮮王朝實錄 基他散葉本),,누리집,2021-02-23 01:48:45,문화재정보,,국보,,"『조선왕조실록』은 조선 태조에서부터 조선 철종 때까지 25대 472년간(1392∼1863)의 역사를 편년체(編年體: 역사적 사실을 일어난 순서대로 기술하는 역사서술의 한 방식)로 기록한 책이다.
기타산엽본은 정족산, 태백산, 오대산사고본 이외의 낙질본들로서, 서울의 춘추관사고에서 보관하던 실록의 낙질본으로 추정된다. 궁궐 안에 있던 춘추관사고는 전란 및 궁궐 화재 등으로 인해 사고 건물이 여러 차례 불탔다. 이 과정에서 춘추관 소장 실록의 대부분이 소실되었고 일부 낙질만 남아 있었는데, 1910년 이후 일제가 정부 기관 및 각 사고의 서적들을 이관·통합하는 과정에서 규장각도서로 편입되어 현재에 이른 것으로 보인다.",서울 관악구 관악로 1 103동 서울대학교 규장각한국학연구원,,,kor,,,,G706+CHAB21-B.chaCpInfo.0000000102,
843,김정희 종가 유물 - 모필(金正喜 宗家 遺物 - 毛筆),,누리집,2021-02-23 01:48:45,문화재정보,,보물,,"김정희 종가 유물-모필(金正喜 宗家 遺物-毛筆)은 조선 후기의 문신이자 서화가였던 김정희(1786∼1856)가 사용했던 붓이다. 김정희의 호는 추사·완당·예당 등이며 순조 19년(1819)에 문과에 급제하여 병조참판·성균관 대사성 등을 역임하였다. 고증학과 금석학을 발전시켰고 시·서·화에도 뛰어난 재능을 보여 말년에는 독창적인 글씨체인 추사체를 완성시켰다.
 붓은 총 7자루로 그 가운데 작은 붓이 1자루, 중간 크기의 붓이 2자루, 큰 붓이 4자루인데 재료는 돼지털을 사용한 것도 있다.","서울 용산구 서빙고로 137, 국립중앙박물관 (용산동5가,임향한의원)",,,kor,,,,G706+CHAB21-B.chaCpInfo.0000001690,
844,도성도(都城圖),,누리집,2021-02-23 01:48:45,문화재정보,,보물,,"18세기 후반에 제작된 서울 지도이다. 도봉산과 북한산을 배경으로 하면서 백악산(白岳山)·인왕산(仁王山)·목멱산(木覓山, 남산)·타락산(駝駱山, 낙산)의 내사산(內四山)을 중심으로 서울의 빼어난 자연 환경을 산수화처럼 그린 걸작품이다. 정확한 제작 시기는 미상이지만, 1785년에 설치되었다가 1802년에 폐지된 장용영(壯勇營)이 종묘의 오른쪽에 그려져 있는 것을 통해 이 지도가 18세기 말에 제작되었음을 추정할 수 있다. 
지도는 남쪽을 바라보며 정사(政事)를 살피는 국왕의 시각에 맞추어 남쪽이 지도 상단으로, 북쪽이 지도 하단으로 배치되어 있다. 도성 안 시가지의 인문(人文) 현상은 평면적으로 처리했고, 풍부한 지명을 기록하여 주위의 산세와 대비되도록 하였다. 여백에는 행정 구역, 도성의 크기와 도로 상황 등을 기록했는데, 당시 법궁(法宮)이었던 창덕궁의 돈화문(敦化門)을 기점으로 삼았다. 
화면구성, 필법, 준법, 수지법, 채색 등 일반적인 산수화에서 사용되는 모든 기법을 충실하게 구사하면서 회화적인 표현에 많은 관심을 기울인 작품으로, 18세기 유행한 정선(鄭敾, 1676-1759)의 진경산수화풍을 따르고 있으며 회화성이 탁월하다.","서울 관악구 관악로 1,103호 동 서울대학교 규장각한국학연구원 (신림동,서울대학교)",,,kor,,,,G706+CHAB21-B.chaCpInfo.0000001053,
853,초조본 잡아비담심론 권9(初雕本 雜我毘曇心論 卷九),,누리집,2021-02-23 01:48:46,문화재정보,,보물,,"이 경전은 천축국의 법구(法救) 존자가 지은 것을 유송(劉宋) 시대(435)에 승가발마(僧伽跋摩) 등이 번역한 경전을 11세기에 대장도감에서 판각한 초조대장경의 일종으로 전 11권 중 9권이다. 흔히 비담종(毘曇宗)이라 불리는 소승부파(小乘部派)의 하나인 설일체유부(說一切有部)의 대표적인 논서이다. 전체 내용은 서품(序品), 계품(界品), 행품(行品), 업품(業品), 사품(使品), 현성품(賢聖品), 지품(智品), 정품(定品), 수다라품(修多羅品), 잡품(雜品), 택품(擇品), 논품(論品) 총 12품으로 이루어져 있는데 9권에 해당하는 잡품에서는 불상응(不相應), 삼무위(三無爲), 구과(九果), 신족(神足) 등에 대하여 논한 것이다. 
형태적인 특징과 체제를 보면 권수에 ‘잡아비담심론 권 제9(雜阿毗曇心論 卷第九)’이라는 권수제와 ‘도(都)’ 함차(函次)가 있고 다음 행에는 ‘존자 법구조(尊者法救造)’와 3행에 ‘송천축삼장 승가발마 등역(宋天竺三藏僧伽跋摩 等譯)’의 역자명(譯者名)이 표시되어 있다. 본문은 무계(無界)이고 각 행이 대체로 14자이기 때문에 글자의 크기가 같고 각장의 행수는 판 크기에 따라 차이는 있지만 주로 23행(권수면(卷首面)은 22행)이다. 판식이 권자본의 장정으로 각지(各紙) 장을 이어 붙일 때 바짝 연결하여 판심제인 약서명(略書名)을 확인할 수 없다. 권말에는 양쪽 노출부에 주칠한 길이 30.3cm, 직경 0.8cm의 목축(木軸)이 있다. 표지에는 ‘잡아비담심론권제구 도(雜阿毗曇心論卷第九 都)’라고 필사되어 있고 본문 앞에는 30.9cm의 여백이 있으며 중간부분에 천으로 된 끈이 달린 표죽(表竹)이 남아있어 원형을 유지하고 있음을 알 수 있다.
이 경전은 11세기에 판각한 초조대장경으로서 고려대장경연구 및 불교학·서지학연구에 귀중한 자료이다.","서울 서대문구 연세로 50, 중앙도서관 (신촌동,연세대학교)",,,kor,,,,G706+CHAB21-B.chaCpInfo.0000001041,
855,감지은니묘법연화경(紺紙銀泥妙法蓮華經),,누리집,2021-02-23 01:48:46,문화재정보,,국보,고려 충숙왕 17년(1330),"묘법연화경은 줄여서 ‘법화경’이라고 부르기도 하는데, 우리나라 천태종의 근본경전으로 부처가 되는 길이 누구에게나 열려 있음을 기본 사상으로 하고 있다. 화엄경과 함께 우리나라 불교사상의 확립에 가장 크게 영향을 끼쳤으며, 삼국시대이래 가장 많이 유통된 불교경전이다. 
 이 책은 후진의 구마라습(鳩摩羅什)이 번역한 것을 고려 충숙왕 17년(1330)에 이신기가 옮겨 쓴 것이다. 병풍처럼 펼쳐서 볼 수 있는 형태로 되어 있으며, 접었을 때의 크기는 세로 28.3㎝, 가로 10.1㎝이다. 표지에는 제목이 금색 글씨로 쓰여 있고, 주위에 4개의 화려한 꽃무늬가 금·은색으로 그려져 있다. 본문은 검푸른 색 종이 위에 은색 글씨로 썼으며, 곳곳에 손상을 입은 흔적이 보이기는 하지만 전반적으로 보존상태가 양호하다.
 7권의 끝부분에 나오는 기록을 통해 이신기가 살아 계신 아버지의 장수와 돌아가신 어머니의 명복을 빌기 위해 만들었다는 것을 알 수 있다. 법화경을 정성껏 옮겨 쓴 경전들 중에 비교적 만들어진 연대가 빠르며, 특히 7권이 모두 갖추어져 있어 귀중한 자료로 평가된다.","서울 용산구 이태원로55길 60-16, 삼성미술관 리움 (한남동)",,,kor,,,,G706+CHAB21-B.chaCpInfo.0000000152,
865,안국동윤보선가(安國洞尹潽善家),,누리집,2021-02-23 01:48:46,문화재정보,,시도민속문화재,,"고종 때 민대감이 지은 집으로 고종이 집을 사서 일본에서 망명생활을 하고 돌아온 박영효에게 주었다. 그 후에 윤보선 전 대통령의 아버지가 사서 오늘에 이르는 1870년대의 건축물이다.
 넓은 대지에 一자형 사랑채와 ㄱ자형 안채, 一자형 별당채, ㄱ자형 솟을대문간채, 광채 등이 남쪽으로 배치되어 있다. 대문을 들어서면 행랑마당인데 동남쪽에 사랑채, 서북쪽에 안채와 별당채가 있다.
 대문간채는 문간방·헛간·광·차고로 구성되어 있고 행랑마당의 동남쪽에 있는 사랑채는 대청과 사랑방 골마루로 되어 있다. 처음에는 산정사랑이었으나 헐어내고 사랑채로 쓰고 있다. 사랑채 뒤로 안채가 있는데 안채는 평면형태가 많이 변하여 원형을 짐작하기 어렵다. 4칸 곱은자 모양을 하고 건넌방 앞쪽에는 대청·큰방·누마루를 두었고, 부엌의 뒤에는 여러 채의 부속건물을 두어 창고류의 용도로 쓰고 있다. 안채의 서쪽 사잇담 너머에는 一자형으로 별당채가 있는데 많은 부분이 변형되었다.
 이곳은 안채·사랑채·별당채가 각각 따로 담장을 두르고 있으며, 건물 하나하나가 아름답다. 각 건물의 앞에는 한말에 유행했던 차양이 있어 그늘을 이루고 있는 것도 인상적이다.

* 해제사유: 사적 제438호 안국동윤보선가 로 승격지정됨.(2002.01.29)",서울 종로구 안국동 8-1번지,,,kor,,,,G706+CHAB21-B.chaCpInfo.0000011289,
867,서울 원각사지 십층석탑(서울 圓覺寺址 十層石塔),,누리집,2021-02-23 01:48:46,문화재정보,,국보,조선시대 초기 15세기,"원각사는 지금의 탑골공원 자리에 있었던 절로, 조선 세조 11년(1465)에 세웠다. 조선시대의 숭유억불정책 속에서도 중요한 사찰로 보호되어 오다가 1504년 연산군이 이 절을 ‘연방원(聯芳院)’이라는 이름의 기생집으로 만들어 승려들을 내보냄으로써 절은 없어지게 되었다.
 이 탑은 조선시대의 석탑으로는 유일한 형태로, 높이는 약 12m이다. 대리석으로 만들어졌으며 탑 구석구석에 표현된 화려한 조각이 대리석의 회백색과 잘 어울려 더욱 아름답게 보인다.
 탑을 받쳐주는 기단(基壇)은 3단으로 되어있고, 위에서 보면 아(亞)자 모양이다. 기단의 각 층 옆면에는 여러가지 장식이 화사하게 조각되었는데 용, 사자, 연꽃무늬 등이 표현되었다. 탑신부(塔身部)는 10층으로 이루어져 있으며, 3층까지는 기단과 같은 아(亞)자 모양을 하고 있고 4층부터는 정사각형의 평면을 이루고 있다. 각 층마다 목조건축을 모방하여 지붕, 공포(목조건축에서 처마를 받치기 위해 기둥 위에 얹는 부재), 기둥 등을 세부적으로 잘 표현하였다.
 우리나라 석탑의 일반적 재료가 화강암인데 비해 대리석으로 만들어 졌고, 전체적인 형태나 세부구조 등이 고려시대의 경천사지 10층석탑과 매우 비슷하여 더욱 주의를 끌고 있다. 탑의 윗부분에 남아있는 기록으로 세조 13년(1467)에 만들어졌음을 알 수 있으며, 형태가 특이하고 표현장식이 풍부하여 훌륭한 걸작품으로 손꼽히고 있다.",서울 종로구 종로 99 (종로2가),,,kor,,,,G706+CHAB21-B.chaCpInfo.0000000002,
872,천하여지도(天下輿地圖),,누리집,2021-02-23 01:48:46,문화재정보,,보물,17세기,"이 지도는 프랑스 국립도서관에 소장된 <혼일강리도>의 왕반지 여지도모회증보본과 같은 원도를 사용했거나 같은 계열의 지도인 것으로 판단된다. 
지도의 내용은 17세기 초의 상황을 반영하고 있다. 이 시점에 조선에서 그려진 동아시아 지도 가운데 홋카이도의 존재를 분명히 한 지도라는 점에서 특별한 의미가 있다. 홋카이도의 존재와 그 위치는 조선에서 오랫동안 분명치 않아서 여러 가지 혼선이 있었다는 점을 감안하면 가치가 크다고 할 수 있다. 또한 국내에 전하는 조선시대 제작의 세계지도가 드물다는 점을 고려할 때 자료적 가치도 매우 높다.","서울 종로구 새문안로 55, 서울역사박물관 (신문로2가,서울역사박물관)",,,kor,,,,G706+CHAB21-B.chaCpInfo.0000001071,
874,대방광원각략소주경 권하(大方廣圓覺略소注經 卷下),,누리집,2021-02-23 01:48:46,문화재정보,,보물,,"대방광원각수다라요의경은 줄여서 ‘원각경’이라고 부르기도 하며, 승려들의 교과과목으로 채택되어 불교 수행의 길잡이 역할을 하고 있는 경전이다. 우리나라에서는 고려의 지눌이 깊이 신봉하여 ‘요의경’이라고 한 뒤 크게 유행하였다. 
 이 책은 대방광원각수다라요의경을 당나라 종밀(宗密)이 쉽게 풀이해 놓은 것 가운데 권 하 1책으로, 닥종이에 찍은 목판본이다. 책장을 겹겹이 포개 몸통을 꿰맨 후 다른 종이로 겉을 감싸 표지로 삼았으며, 크기는 세로 34.2㎝, 가로 19㎝이다. 
 기록이 없어 정확한 간행연도를 알 수 없으나, 판의 새김이『대방광원각요소주경』권 상(보물 제893호),『대방광원각약소주경』권 상(보물 제938호)과 같아 송나라 판본을 보고 고려시대에 다시 새겨 찍어낸 것으로 추정된다.","서울특별시 서초구 바우뫼로7길 111-0 (우면동, 대한불교천태관문사)",,,kor,,,,G706+CHAB21-B.chaCpInfo.0000000811,
875,서빙고동부군당(西氷庫洞府君堂),,누리집,2021-02-23 01:48:46,문화재정보,,시도민속문화재,,"민간신앙의 대상물인 신을 모셔 놓은 신당이다. 주민들은 ‘부군당(府君堂)’이라 부르는데, 부군당은 서울을 중심으로 한 경기지역에서만 불리던 당의 명칭이다.
 기와를 올린 작은 집으로, 조선 인조 13년(1635) 당을 고칠 때 걸어둔 현판을 비롯한 5개의 현판과 무신도가 보존되어 있다. 특히 무신도는 조선 태조 내외분, 출산과 목숨, 농사의 신이라는 삼불제석의 그림이라고 전하는데, 마을사람들에 의해 마을을 보호해주는 수호신의 대상이 되고 있다. 
 조선 후기 신당의 건축양식을 보여줄 뿐 아니라, 서울지역의 동제 신앙을 보여주는 소중한 자료이다.",서울 용산구 서빙고동 199번지,,,kor,,,,G706+CHAB21-B.chaCpInfo.0000011264,
876,서울 한국은행 본관(서울 韓國銀行 本館),,누리집,2021-02-23 01:48:46,문화재정보,,사적,1910년대,"본 건물은 1910년대 건립된 우리나라 최초의 은행건물이다. 일본의 제일은행 경성지점이었으나 옛 조선은행이 설립되기까지 중앙은행의 기능을 담당하였다. 1945년 해방과 더불어 한국은행 본관이 되었다.
 지하1층 지상3층의 철골 콘크리트 구조로 외벽에는 화강석을 다듬어 붙였다. 일본사람이 설계하였으며, 한국전쟁 때 내부가 불에 타서 1956년에 보수하였다. 그 후 1987년 신관을 건물의 뒤쪽에 건립하고, 이 건물은 본래의 모습대로 복원하여 화폐금융박물관으로 사용하고 있다.
 전체적으로 르네상스시대 성 건축의 모습을 이루고 있는 정교하고 우아한 건물이다.",서울 중구 남대문로 39 (남대문로3가),,,kor,,,,G706+CHAB21-B.chaCpInfo.0000002924,
879,금동삼존불감(金銅三尊佛龕),,누리집,2021-02-23 01:48:46,문화재정보,,국보,고려시대 초기,"불상을 모시기 위해 나무나 돌, 쇠 등을 깎아 일반적인 건축물보다 작은 규모로 만든 것을 불감(佛龕)이라고 한다. 불감은 그 안에 모신 불상의 양식뿐만 아니라, 당시의 건축 양식을 함께 살필 수 있는 중요한 자료가 된다. 
 이 작품은 높이 18㎝의 작은 불감으로, 청동으로 불감과 불상을 만들고 그 위에 금칠을 하였다. 불감 내부를 살펴보면 난간을 두른 사각형의 기단 위에 본존불과 양 옆에 보살상이 있으며, 그 위에 기둥과 지붕으로 된 뚜껑이 덮혀 있다. 법당 모양의 뚜껑에는 앞면과 양쪽에 커다란 창문이 있어서 안에 모셔진 불상을 잘 볼 수 있도록 하였다.
 본존불은 얼굴이 추상적이고, 양 어깨를 감싸고 있는 옷은 주름을 간략한 선으로 표현했다. 몸 뒤편에 있는 광배(光背)는 머리광배와 몸광배로 나누어져 있으며, 불꽃무늬로 가장자리를 장식하고 있다. 본존불 양 옆의 보살상도 구슬로 장식된 관(冠)을 쓰고 있다는 점을 제외하면 형식이나 표현 수법이 본존불과 유사하다.
 불감은 지금도 금색이 찬란하고 지붕에 녹청색이 남아 있는 등 전체적인 보존 상태가 양호하다. 본존불의 긴 허리, 불규칙하게 나타나는 옷주름, 그리고 보살이 쓰고 있는 구슬로 장식한 관(冠) 등 여러 양식으로 보아 만든 시기는 중국 북방 계통의 영향을 받은 11∼12세기 경으로 추정된다. 이 작품은 고려시대 또는 그 이전의 목조건축 양식과 조각수법을 보여주는 귀중한 예라는 점에서 가치가 크다고 할 수 있다.","서울 성북구 성북로 102-11, 간송미술관 (성북동,간송미술관)",,,kor,,,,G706+CHAB21-B.chaCpInfo.0000000012,
894,관상감 측우대(觀象監 測雨臺),,누리집,2021-02-23 01:48:46,문화재정보,,보물,조선시대,"관상감 측우대(觀象監 測雨臺)는 조선시대 측우기를 올려 놓고 강우량을 측정하던 것으로 지금은 대석(臺石)만 남아 있다. 
 측우기는 세종 23년(1441) 세계 최초로 발명되어 이듬해 전국적으로 강우량 측정이 시작되었는데, 이것은 그 전에 땅 속에 스며든 비의 양은 잴 수 없던 비합리적 방법에서 벗어난 15세기의 획기적 발명품이었다. 철로 만든 원통형 의 측우기는 돌 위에 올려 놓고 사용했는데 높이 87.6㎝, 세로 59.7㎝, 가로 94.5㎝의 직육면체의 화강암으로, 가운데에 직경 16.5㎝, 깊이 4.7㎝로 구멍을 뚫어 세웠다.
 비록 측우기는 전쟁 등으로 유실되어 사라졌지만 이 대석은 측우기의 존재를 확인해 주는 귀중한 유물이다. 세종 때의 것으로 서울 매동초등학교 교정에 있던 것을 지금은 국립 중앙기상대(현재 기상청)에 옮겨 놓았다.",서울 동작구 여의대방로 16길 61 기상청,,,kor,,,,G706+CHAB21-B.chaCpInfo.0000000743,
904,대방광불화엄경 진본 권37(大方廣佛華嚴經 晋本 卷三十七),,누리집,2021-02-23 01:48:46,문화재정보,,국보,고려 숙종 3년(1098),"대방광불화엄경은 줄여서 ‘화엄경’이라고 부르기도 한다. 부처와 중생이 둘이 아니라 하나라는 것을 기본사상으로 하고 있다. 화엄종의 근본 경전으로 법화경과 함께 한국 불교사상 확립에 크게 영향을 끼친 불교경전 가운데 하나이다.
 이 책은 동진의 불타발타라가 번역한 『화엄경』 진본 60권 중 권 제37의 내용이다. 닥종이에 찍은 목판본으로 크기는 세로 26㎝, 가로 768.3㎝이며, 종이를 계속 이어붙여 두루마리처럼 말아서 보관하고 있다.
 책 끝에는 고려 숙종 3년(1098)에 이필선의 시주로 간행하였다는 기록이 남아 있다. 보존상태는 양호한 편이지만, 원래 불상 속에서 발견된 것이라서 책머리의 제목과 책의 차례 일부분이 누락되고 본문에 손상이 있다.
 이 책은 간행기록이 정확하게 전하는 화엄경 목판본 중에서 가장 오래된 것으로 가치가 크며, 고려 초기의 목판인쇄 및 화엄경 판본연구에 중요한 자료로 평가되고 있다.","서울 서대문구 충정로9길 10-10, (재)아단문고 (충정로2가)",,,kor,,,,G706+CHAB21-B.chaCpInfo.0000000126,
915,청자 상감동채연화당초용문 병(靑磁 象嵌銅彩蓮花唐草龍文 甁),,누리집,2021-02-23 01:48:46,문화재정보,,보물,고려 14세기중반,"고려 후기에 만들어진 높이 38.3㎝, 아가리 지름 6.9㎝, 밑지름 12㎝의 청자병으로, 길게 뻗어 세워진 목과 약간 벌어진 아가리를 가지고 있다.
 어깨로부터 서서히 벌어지다 몸통의 하부에서 최대로 벌어지고, 다시 좁혀진다. 몸통의 가장 큰 배 부분까지는 양감이 없이 직선에 가까운 곡선으로 이어지다가, 몸통 아래에서 급하게 좁아져서 굽에 이르지만 전체적으로 안정감이 있다.
 유약은 회청색으로 얇고 투명하다. 병의 윗부분은 부분적으로 산화되어 담갈색을 띄고 있으며, 유약의 상태가 좋지 않다. 목 부위는 6개의 단으로 구성되는데 3단까지는 번개무늬, 연꽃무늬를 백상감하고, 그 아래로 연꽃·국화꽃·구름·학을 흑백 상감하였다.
 어깨 부위는 꽃무늬를 흰색으로 둘렀으며, 그 안에 산화동을 안료로 3곳에 점을 찍어 넣었다. 몸체에는 4면에 큰 원을 그리고, 원 안에 여의주를 들고 있는 용을 새겨 넣었는데, 여의주에 산화동을 채색하여 붉은 색을 띠고 있다.
 병에 무늬를 꽉 차게 그려 화려한 장식효과를 내었고, 산화동을 곁들인 독창적인 장식기법을 사용한 14세기경에 만들어진 작품이다.","서울 관악구 남부순환로152길 53, 호림박물관 (신림동,호림박물관)",,,kor,,,,G706+CHAB21-B.chaCpInfo.0000000831,
918,경복궁 향원정(景福宮 香遠亭),,누리집,2021-02-23 01:48:46,문화재정보,,보물,,"향원정은 경복궁 북쪽 후원에 있는 향원지 내의 가운데 섬 위에 건립된 육각형의 정자이다. 향원지의 ‘향원(香遠)’은 ‘향기가 멀리 간다’는 뜻으로 북송대 학자 주돈이(1017∼1073)가 지은 '애련설(愛蓮說)'에서 따온 말로서 왕이나 왕족들이 휴식하고 소요하던 침전의 후원으로 여기에는 향원지(香遠池)와 녹산(鹿山)등 원림 (苑林)공간이 된다.
향원지가 있던 곳에는 본래 세조 2년(1456)에 취로정(翠露亭)이란 정자를 짓고 연꽃을 심었다는 기록이「세조실록」에 보인다.
향원지는 4,605㎡의 넓이의 방형인데, 모서리를 둥글게 조성한 방형의 연지에 연꽃과 수초가 자라고, 잉어 등 물고기가 살고 있다. 향원지의 수원(水源)은 북쪽 언덕 밑에 솟아나는 '열상진원(洌上眞源)'이라는 샘물이다.
이 향원정에 들어가는 다리인 '취향교'는 본래 목교로서 1873년에 향원정의 북쪽에 건청궁 방향으로 설치되었다. 취향교는 건청궁에서 향원정으로 들어가도록 북쪽에 있었으나, 6·25전쟁 당시 없어졌으며, 현재는 1953년에 지은 다리가 향원지 남쪽에 있다. 
 본래의 취향교는 조선시대 원지에 놓인 목교로는 가장 긴 다리(길이 32m,폭 165cm)이다.
 향원지의 북쪽으로 녹산지역에 있는 담장에는 인유문(麟遊門)이란 일각문(一角門)이 있으며,  그 남쪽에는 봉집문(鳳集門)이 있었는데 이로 인해 연못은 한층 아늑한 정취(情趣)에 싸여 있었다.
향원정은 고종이 아버지 흥선대원군의 간섭에서 벗어나 친정체제를 구축하면서 정치적 자립의 일환으로 건청궁을 지으면서 그 건청궁 앞에 연못을 파서 가운데 섬을 만들고 세운 2층 정자로, 고종 4년(1867)부터 고종 10년(1873)사이에 지어진 것으로 추정되며, 향원정으로 가는 섬에는 나무로 만들어진 취향교라는 다리가 있으며, 남쪽에는 함화당, 집경당이 위치해 있다.
  정자의 평면은 정육각형으로 아래·위층이 똑같은 크기이며, 장대석으로 마무리한 낮은 기단 위에 육각형으로 된 초석을 놓고, 그 위에 일층과 이층을 관통하는 육모기둥을 세웠다.
공포는 이층 기둥 위에 짜여지는데, 기둥 윗몸을 창방(昌枋)으로 결구하고 기둥 위에 주두(柱枓:대접받침)를 놓고 끝이 둥글게 초각(草刻)된 헛첨차를 놓았다. 일출목(一出目)의 행공첨차를 받치고, 다시 소로를 두어 외목도리(外目道里)밑의 장혀를 받친 물익공이다.
일층 평면은 바닥 주위로 평난간을 두른 툇마루를 두었고, 이층 바닥 주위로는 계자난간을 두른 툇마루를 두었다. 천장은 우물천장이며 사방둘레의 모든 칸에는 완자살창틀을 달았다.
처마는 겹처마이며 육모지붕으로, 중앙의 추녀마루들이 모이는 중심점에 절병통(節甁桶)을 얹어 치장하였다.
향원정은 왕과 그 가족들이 휴식을 취하는 공간으로 경복궁 후원의 아름다운 풍광 속에 안겨있는 상징적 대표 건물이다. 육각형 초석, 육각형 평면, 육모지붕 등 육각형의 공간을 구성하여 섬세하고 미려하게 다듬은 모든 구성요소들이 절묘한 조화를 이룬 비례감이 뛰어난 정자로 역사적, 예술적, 건축적으로 가치가 높다.",서울특별시 종로구 청와대로 1-0 (세종로),,,kor,,,,G706+CHAB21-B.chaCpInfo.0000001103,
920,신윤복필 풍속도 화첩(申潤福筆 風俗圖 畵帖),,누리집,2021-02-23 01:48:46,문화재정보,,국보,조선시대(18세기말∼19세기초),"조선 후기의 화가인 혜원 신윤복(1758∼？)이 그린 <단오풍정>, <월하정인> 등 연작 풍속화 30여 점이 들어 있는 화첩으로 가로 28㎝, 세로 35㎝이다. 아버지 신한평의 뒤를 이어 한때 도화서의 화원이기도 하였던 신윤복은 참신한 색채가 돋보이는 산수화 작품을 남기기도 하였지만, 특히 풍속화에서 그만의 독특한 경지를 나타내고 있다. 
 신윤복필 풍속도 화첩은 주로 한량과 기녀를 중심으로 한 남녀 간의 애정과 낭만, 양반사회의 풍류를 다루었는데, 가늘고 섬세한 부드러운 필선과 아름다운 색채가 세련되고 낭만적인 분위기를 효과적으로 나타내고 있다. 등장인물들을 갸름한 얼굴에 눈꼬리가 올라가게 표현함으로써 다소 선정적인 느낌이 들며, 인물들의 분위기를 살리기 위해 주위의 배경을 사실적으로 표현한 점이 돋보인다. 대부분의 작품에 짤막한 글과 함께 낙관이 있지만 연대를 밝히지 않아 그의 화풍의 변천과정은 알 수 없다.
 이 화첩은 일본으로 유출되었던 것을 1930년 전형필이 구입해 새로 틀을 짜고 오세창이 발문을 쓴 것으로 미술작품으로서 뿐만 아니라 18세기 말 당시 사회상의 일면을 보여 주는 것으로 생활사와 복식사 연구에 귀중한 작품으로 평가 받고 있다.","서울 성북구 성북로 102-11, 간송미술관 (성북동,간송미술관)",,,kor,,,,G706+CHAB21-B.chaCpInfo.0000000081,
923,김응남 호성공신교서 및 관련 고문서(金應南 扈聖功臣敎書 및 關聯 古文書),,누리집,2021-02-23 01:48:46,문화재정보,,보물,,"김응남 호성공신교서는 임진란에 선조와 세자를 호종하고 피란할 때 시종(侍從)한 공로로 난후인 1604년에 김응남에게 내린 것이다. 호성공신은 서울에서 의주(義州)까지 시종(侍從)한 신하들을 공로에 따라 3등으로 나누어 모두 86명을 녹훈하였는데, 1등은 이항복(李恒福)등 2명, 2등은 이원익(李元翼)등 31명, 3등은 정탁(鄭琢)등 53명이다. 김응남은 2등공신의 9번째에 책록되었다.
본 교서의 구성은 김응남의 관계(官階)에 이어 선조가 몽진(蒙塵)할 때 의주까지 호종한 공로로 2등 공신에 책봉한다는 것과 그에 따른 포상으로 본인과 부모·처자의 벼슬을 2계(階)씩 올려주고, 자식이 없으면 조카나 여조카에게 1계씩을 올려 주며, 적장자에게 벼슬의 지위를 세습하게 하며, 노비(奴婢)9구, 전(田)80결(結), 은자(銀子)7냥(兩), 표리(表裏)1단(段), 내구마(內廐馬)1필(匹)을 하사 한다는 내용을 열기(列記)하였다. 끝으로 공신 86명의 명록(名錄)과 본 교서의 발급일인 ‘萬曆三十二年十月日’을 쓰는 순서로 되어있다. 발급연월일 위에는 ‘시명지보(施命之寶)’인장이 날인되어 있다. 축의 바깥 하단부에는 ‘안대진제오정서(安大進製吳靖書)’라 쓰여 있어 교서문은 안대진(安大進, 1561～?)이 짓고 교서문의 글씨는 오정(吳靖, 1579～1623)이 썼음을 알 수 있다. 겉면과 안면의 표장, 축두(軸頭)의 형태, 축을 묶는 색실띠[多繪帶]와 상아침(象牙針)등이 최초의 형태를 유지하고 있어 현존하는 여러 호성공신교서와 비교할 때 기준이 되는 예에 해당된다.
김응남 증시교지는 1753년(영조 29, 건륭 18)4월 23(무신)일에 영의정 조현명(趙顯命, 1690～1752)과 좌의정 정석오(鄭錫五, 1691～1748)등을 비롯한 여러 인사들에게 시호가 하사될 때 좌의정 김응남에게도 ‘충정(忠靖)’이라는 시호(諡號)가 하사되었는데, 이는 증시교지(贈諡敎旨)의 발급일자(發給日字)인 ‘건륭십팔년사월이십삼일(乾隆十八年四月二十三日)’과도 일치되고 있다. 또한 발급일자 위에는 ‘시명지보’의 어보(御寶)가 안인(安印)되어 있다.
김응남의 호성공신교서 및 증시교지는 김응남의 전기(傳記)자료로 임진난사 연구의 자료가 될 뿐만 아니라 고문서(古文書)연구의 중요한 자료가 된다. 현재 보물로 지정된 여러 호성공신교서 중에서도 1604년 책록 당시의 원장(原粧)을 잘 보존하고 있어 호성공신교서의 형태적 기준이 되고 또한 교서문을 지은 제진자와 교서문을 쓴 서사자가 적혀 있는 건수도 극히 희소하다는 점에서 중요하다.","서울특별시 송파구 석촌호수로 169-0 (잠실동, 레이크팰리스아파트) 135동 403호",,,kor,,,,G706+CHAB21-B.chaCpInfo.0000001100,
926,가회동 한씨 가옥(嘉會洞 韓氏 家屋),,누리집,2021-02-23 01:48:46,문화재정보,,시도민속문화재,,"조선 후기에서 일제시대 초기 사이에 지은 개량한옥으로, 행랑대문채와 본채로 구성되어 있다. 본채는 사랑채 부분과 건넌방 부분이 복도를 사이에 두고 남북으로 배치되어 있다. 사랑채 부분은 왼쪽에 현관과 홀을 내었고 서남쪽에 대청을 두어 정원을 내다볼 수 있게 하였다.
 대청왼쪽에는 온돌방을, 그 앞쪽에는 주인실을 배치하고 툇마루를 돌렸다. 현관홀 뒤쪽에는 온돌방 2칸을 두어 객실로 쓰고 있으며 복도를 통하여 안청 대마루에 이른다. 안청 대마루 오른쪽에는 안방을 두고 그 위쪽에 부엌을 마련하였다. 안방 뒤쪽에는 골방이 달려 있고, 부엌 오른쪽에는 마루를 두어 찬마루를 쓰고 있다. 부엌 동쪽에는 외부 출입문을 두었고 건넌방 뒤쪽에는 뒷방을 두어 툇마루로 연결하고 있다.
 서양과 일본풍의 현대식 생활기능을 도입하여 지은 평면식 한옥으로 개량주택의 과도기적인 집이라 할 수 있다.",서울 종로구 북촌로 46-3 (가회동),,,kor,,,,G706+CHAB21-B.chaCpInfo.0000011276,
930,보협인석탑(寶&#31691;印石塔),,누리집,2021-02-23 01:48:46,문화재정보,,국보,미상,"보협인탑이란 『보협인다라니경』을 그 안에 안치하고 있기 때문에 붙여진 이름이다. 종래에 볼 수 없던 특이한 모습인데, 중국 오월(吳越)이라는 나라에서 그 유래를 찾을 수 있다. 오월국의 마지막 왕인 충의왕 전홍숙(錢弘淑)은 인도의 아소카왕이 부처의 진신사리를 8만 4천기의 탑에 나누어 봉안하였다는 고사를 본따 금, 동, 철 등의 재료로 소탑 8만 4천기를 만들고 그 속에 일일이 『보협인다라니경』을 안치하였다. 이와 유사한 형태의 탑을 보협인탑이라고 하는데, 우리나라에서는 유일한 이 석조 보협인탑이 동국대학교 박물관에 보관되어 있다.
 원래는 천안시 북면 대평리 탑골계곡의 절터에 무너져 있던 것을 이 곳으로 옮겨 세운 것이다. 절터에는 자연석으로 쌓은 축대와 주춧돌의 일부, 기와조각들이 남아 있어 고려시대의 절터로 추정되나, 이 곳에 대한 기록은 전하지 않는다.
 복원된 탑의 현재 모습은 5개의 돌만 남아 있어 완전한 형태는 아니다. 우리나라 석탑의 일반형식과는 전혀 달라서 기단(基壇)과 탑신(塔身)의 구분이 뚜렷하지 않고 완전한 형태를 짐작하기도 어렵다. 뚜껑을 덮은 듯한 네모난 상자 모양의 돌 2개를 포개어 놓은 후, 그 위로 귀를 세운 머리장식을 얹어놓은 모습이다. 불상(佛像)이 새겨진 육면체 위에 4각형의 받침돌을 놓고, 다시 그 위에 육면체가 놓이는데 4면에 부처님의 전생설화가 새겨있다. 이 탑몸돌 윗면 중앙에는 『보협인다라니경』을 안치했던 것으로 보이는 둥근 사리구멍이 남아있다. 당나귀 귀처럼 솟은 맨 윗돌에는 그 안에 석가의 일대기가 상하로 나뉘어 새겨져 있다.
 전면에 조각이 가득한 이 탑은 중국 보협인탑의 영향을 받은 듯 하고 외형도 거의 비슷하다. 고려시대에 건립된 것으로 보여지며, 우리나라에 하나밖에 없는 보협인석탑으로서 매우 귀중한 가치를 지니고 있다.","서울특별시 중구 필동로1길 30-0 (장충동2가, 동국대학교)",,,kor,,,,G706+CHAB21-B.chaCpInfo.0000000130,
935,서울 살곶이 다리(서울 [箭串橋]),,누리집,2021-02-23 01:48:46,문화재정보,,사적,"조선 세종 2년(1420), 성종 13년(1482)","조선시대의 수도인 한양과 동남지방을 연결하는 주요통로로 사용되던 다리로 살곶이 다리라고도 한다.
 이 다리는 정종과 태종의 잦은 행차 때문에 세종 2년(1420) 5월에 처음 만들어지기 시작했으나 태종이 죽자 왕의 행차가 거의 없어 완성되지 못하였다. 그 후 이 길을 자주 이용하는 백성들 때문에 다시 만들 필요성이 제기되어 성종 6년(1475)에 다시 공사를 시작하여 성종 14년(1483)에 완성했다. 마치 평평한 평지를 걷는 것과 같다하여 ‘제반교(濟盤橋)’라고도 불렀다.
 조선 전기에 만들어진 다리 중에서 가장 규모가 큰 다리로 모두 64개의 돌기둥을 사용하여 만들었다. 돌기둥의 모양은 흐르는 물의 저항을 줄이기 위해 마름모형으로 고안되었다. 1920년대 서울에 내린 집중호우로 다리의 일부가 떠내려 가서 70년대에 다시 고쳐 지었으나, 다리의 오른쪽 부분에 콘크리트를 잇대어 복원함으로써 원래의 모습을 다소 잃었다.

※(전곶교 → 서울 살곶이 다리)으로 명칭변경 되었습니다. (2011.07.28 고시)",서울 성동구 행당1동 58번지,,,kor,,,,G706+CHAB21-B.chaCpInfo.0000002895,
936,남양주 봉인사 부도암지 사리탑 및 사리장엄구(南楊州 奉印寺 浮圖庵址 舍利塔 및 舍利莊嚴具),,누리집,2021-02-23 01:48:46,문화재정보,,보물,조선시대,"조선 광해군 때 세워진 사리탑과 그 안에서 발견된 여러 사리장치들이다.
 광해군은 왕세자의 만수무강과 부처의 보호를 바라며 봉인사의 부도암이라는 암자에 사리탑을 세우게 하였는데, 사리탑에는 승려의 사리를 모시는 것이 일반적이나, 이 탑에는 부처의 사리를 모셔두고 있다. 이 유물은 일제시대를 거치면서 수난을 겪었는데 1927년에 일본으로 반출되었다가, 60여년이 흐른 1987년에서야 비로소 우리나라로 되돌아오게 되었다.
 사리탑은 8각의 평면을 기본으로 삼고 있다. 전체의 무게를 지탱하는 기단(基壇)은 상·중·하의 세 부분으로 나누었고, 그 위로 북처럼 둥근 탑몸돌을 올려 사리를 모셔 두었다. 8각의 지붕돌을 그 위에 올린 뒤 꼭대기에는 길쭉한 머리장식을 얹어 마무리하였다.
 전체적인 모습은 조선 전기에 만들어진 청룡사의 사리탑이나, 회암사의 사리탑을 떠올리게 한다. 즉 북처럼 둥근 탑몸돌과 지붕돌 낙수면의 여덟 모서리마다 새겨진 용머리조각, 탑 주위로 둘러진 난간석 등이 그러하다. 이는 당시가 조선 중기였음에도 불구하고, 조선 전기의 양식을 그대로 따르고 있음을 보여준다.
 탑몸돌 윗면에는 사리장치를 넣어두던 네모난 홈이 있는데, 이 곳에서 7점의 유물이 발견되었다. 모두 뚜껑이 있는 그릇으로, 놋쇠그릇 3점, 은그릇 3점, 수정사리병 1점으로 구성되어 있다. 놋쇠그릇 안에 은그릇을 넣어두는 방식으로 각각 3쌍을 이루고 있는데, 놋쇠그릇에는 명주실·비단·향(香)이 담겨져 있다. 은그릇은 뚜껑에 금박이 입혀진 구름과 용무늬를 역동적으로 새기고, 그릇 밑바닥에는 몇 줄의 글귀를 기록해 놓았는데, 기록을 통해 이 유물이 광해군 12년(1620)에 봉해진 것임을 알 수 있다.
 사리탑과 사리유물 모두 조선 전기의 양식을 거의 변함없이 따르고 있으면서도, 곳곳에서 새로운 시도를 하고 있어 흥미롭다. 탑의 길쭉한 머리장식이라든가, 사리그릇을 두세 개만을 넣어두던 당시 흐름에 비해 여기에서는 7개나 되는 그릇을 사용하고 있는 점 등이 그것이다.
 확실한 연대를 알 수 있는 조선 중기의 대표적인 작품으로, 조선시대의 유물연구에 기초적인 자료가 되는 중요한 의의를 지닌다.","서울 용산구 서빙고로 137, 국립중앙박물관 (용산동6가)",,,kor,,,,G706+CHAB21-B.chaCpInfo.0000000797,
939,장교동한규설가옥(長橋洞 韓圭卨 家屋),,누리집,2021-02-23 01:48:46,문화재정보,,시도민속문화재,,"조선 후기 한성판윤을 지낸 한규설(1848∼1930)의 저택이다. 원래 장교동에 있던 것을 국민대학교에서 사들여 교내로 옮겨 지었으며, 1890년 이전에 지은 건물로 추정된다.
 원래의 모습대로 옮겨 지으면서 솟을대문 좌우의 행랑채와 중문간행랑채, 사잇담 등을 복원하였다. 사랑채와 안채·별채·사당·광채 등이 넓은 대지에 자리잡고 있으며, 지금은 학교 생활관으로 이용하고 있다. 
 안채는 ㄴ자형으로 앞면 6칸·옆면 2칸의 규모이다. ㄱ자형의 사랑채는 앞면 4칸·옆면 2칸 반이며, 지붕 옆면이 여덟 팔(八)자 모양인 팔작지붕집이다. 별채 역시 ㄱ자형으로 광채와 연결되어 있으며, 사당은 일반적인 규모보다 약간 작게 지었다.",서울 성북구 정릉3동 855-2번지 국민대학교,,,kor,,,,G706+CHAB21-B.chaCpInfo.0000011269,
950,묘법연화경 권6~7(妙法蓮華經 卷6~7),,누리집,2021-02-23 01:48:46,문화재정보,,보물,,"묘법연화경은 줄여서 ‘법화경’이라고 부르기도 하며, 부처가 되는 길이 누구에게나 열려 있다는 것을 중심사상으로 하고 있다. 천태종의 근본경전으로 화엄경과 함께 우리나라 불교사상 확립에 크게 영향을 끼친 경전이다. 
 이 책은 후진(後秦)의 구마라습(鳩摩羅什)이 한문으로 번역하고 송나라의 계환(戒環)이 쉽게 풀이한 것을 고려 고종 27년(1240)에 최이(崔怡)의 명으로 목판에 새긴 것이다. 두 권이 하나의 책으로 이루어졌으며 크기는 세로 32.0㎝, 가로 16.7㎝이다. 닥종이에 찍어 꿰맨 형태이며, 권6의 첫장은 파손이 심하지만 새김이 정교하고 글자체가 단정하다. 책의 끝부분에 있는 기록으로 보아 전(前) 보양판관(普陽判官) 김씨 등의 시주로 펴낸 것임을 알 수 있다. 
 이 판본은 송나라 계환이 쉽게 풀이한 것을 그대로 옮겨 쓴『묘법연화경』권7(보물 제692호)과 동일한 판본이다.","서울 서초구 바우뫼로7길 111, 관문사 (우면동)",,,kor,,,,G706+CHAB21-B.chaCpInfo.0000000810,
965,고대 그리스 청동 투구,,누리집,2021-02-23 01:48:46,문화재정보,,보물,,"1936년 손기정이 베를린 올림픽 경기대회 마라톤 경기에서 우승한 기념으로 받은 높이 21.5㎝의 그리스의 청동투구이다. 기원전 6세기경 그리스의 코린트에서 만들어진 것으로, 1875년 독일의 고고학자에 의해 올림피아에서 발굴되었다.
 형태를 보면 머리에 썼을 때 두 눈과 입이 나오고 콧등에서 코끝까지 가리도록 만들어졌으며, 머리 뒷부분은 목까지 완전히 보호하도록 되어 있다. 눈과 입의 노출을 위해 도려낸 부분과 목과 접촉하는 부분에는 윤곽선을 따라 실을 꿸 수 있도록 구멍이 있는 것으로 보아 원래 투구 안쪽에 천을 대어 머리에 썼을 때 완충 효과를 생각했던 것 같다.
 베를린 올림픽 마라톤 우승자에게 부상으로 수여하도록 되어 있었으나 손기정에게 전달되지 않고, 베를린 박물관에 보관되어 오던 것을 그리스 부라딘 신문사의 주선으로 우리나라에 돌아오게 되었다.","서울 용산구 서빙고로 137, 국립중앙박물관 (용산동5가,임향한의원)",,,kor,,,,G706+CHAB21-B.chaCpInfo.0000000790,
968,상교정본자비도량참법 권10(詳校正本慈悲道場懺法 卷十),,누리집,2021-02-23 01:48:46,문화재정보,,보물,,"자비도량참법은 경전을 읽으면서 죄를 참회하는 불교의식을 말하며, 이를 수행하면 죄가 없어지고 복이 생긴다고 한다. 죽은 사람의 영혼을 구제하여 극락으로 인도함으로써 고통으로부터 벗어나려는 공덕 기원의 뜻을 담고 있다.
 이 책은『자비도량참법』이 후대로 내려오면서 착오가 생기고 잘못 전해지자 다시 바르게 교정한 것으로, 10권 가운데 마지막 권인 제10권이다. 닥종이에 찍은 목판본으로, 병풍처럼 펼쳐서 볼 수 있는 형태로 되어있으며, 접었을 때의 크기는 세로 34㎝, 가로 14㎝ 이다.
 책 첫머리에는 과거 칠불(七佛)과 미래불인 미륵불의 이름과 모습이 묘사된 변상도가 있다. 끝 부분에는 중종 1년(1506)에 신담이라는 사람이 사용하다가 성장에게 전해주었음을 알려주는 기록이 있다.
 간행기록이 없어 정확한 간행연도는 알 수 없지만 본문에 쓰여진 태조, 정종, 목종의 휘(諱)인 ‘건(建)’, ‘요(堯)’, ‘송(誦)’자의 마지막 획이 빠져 있어, 고려시대 때 새긴 목판임을 알 수 있다. 그리고 책의 인쇄 상태로 보아서 고려시대에 새긴 목판을 가지고 조선시대에 다시 찍어낸 것으로 추정된다.","서울 용산구 이태원로55길 60-16, 삼성미술관 리움 (한남동)",,,kor,,,,G706+CHAB21-B.chaCpInfo.0000000802,
990,청자 표주박모양 주전자(靑磁 瓢形 注子),,누리집,2021-02-23 01:48:46,문화재정보,,보물,12세기,"고려시대(12세기)의 조형적 특징을 보이는 표주박 형태의 청자 주자(注子)이다. 표주박 형태의 병에 참외같은 골 주름 여덟 줄을 깎아내고, 물대는 둥글고 넓은 박 잎을 대롱처럼 말아 붙여 만들고 손잡이는 박 넝쿨을 꼬아 붙인 것 같이 만들었다. 뚜껑 역시 작은 박 잎을 엎어 놓은 형태처럼 만들었으며 밑바닥도 굽을 별도로 깎아내지 않아 마치 표주박의 밑둥을 연상되는 모습으로 만들었다. 청자의 몸통과 물대, 손잡이는 서로 균형을 이루면서 안정감을 보이고 있어 세련미를 더한다.
이 주자는 12세기의 전형적인 비색 청자 중 하나로, 각각의 구성요소들이 이상적으로 조화된 청자 조형의 표본적인 모델이다. 유약과 태토의 경우에도 약간 반투명하면서 깨끗한 담록색을 담고 있는데, 이러한 담녹색 계통의 청자 가운데서도 가장 빼어난 유태의 상태를 보이고 있다.
고려시대 12세기의 표형주자를 대표하는 형태로 역사적·예술적 가치가 매우 높다.","서울 관악구 남부순환로152길 53, 호림박물관 (신림동,호림박물관)",,,kor,,,,G706+CHAB21-B.chaCpInfo.0000001050,
